0x1CE8F54F,0,0x1CE8F54F,,0,0.0000,0.0000,0.0000,0,0
0x1CE8F54F,1,0x765CD254,0x1CE8F54F,1,0.0000,0.0000,0.0000,0,0
0x1CE8F54F,2,0x75F1F74D,0x765CD254,2,0.0000,0.0000,0.0000,0,1
0x1CE8F54F,3,0x243A5276,0x75F1F74D,3,0.0000,0.0000,0.0000,1,1
0x1CE8F54F,4,0x063C61D3,0x75F1F74D,3,2.4894,2.0971,-1.1399,1,1
0x1CE8F54F,5,0x2C3EDC3C,0x75F1F74D,3,0.0000,1.1689,4.2098,0,1
0x1CE8F54F,6,0x766F93C4,0x75F1F74D,3,0.0000,4.3810,-0.0011,1,0
0x1CE8F54F,7,0x255EAB53,0x765CD254,2,0.0000,0.0000,0.0000,0,1
0x1CE8F54F,8,0xBF0AC6C0,0x255EAB53,3,0.0000,0.0000,6.8426,0,0
0x1CE8F54F,9,0x78393CDD,0xBF0AC6C0,4,0.0000,0.0000,6.8426,1,0
0x1CE8F54F,10,0x4B5639EC,0x255EAB53,3,0.0000,0.9457,-1.1415,0,0
0x1CE8F54F,11,0xA40ACADC,0x255EAB53,3,0.0000,1.5818,-1.1357,0,0
0x1CE8F54F,12,0x7E085073,0x255EAB53,3,0.0000,1.6815,-1.1357,0,0
0x1CE8F54F,13,0x8F724568,0x255EAB53,3,-0.5415,0.5548,4.9772,0,0
0x1CE8F54F,14,0x580D3A4D,0x8F724568,4,-0.5415,0.3438,4.9772,1,0
0x1CE8F54F,15,0x63B434F7,0x255EAB53,3,0.0000,0.9244,5.8637,0,0
0x1CE8F54F,16,0x76EAB0EA,0x63B434F7,4,0.0000,0.8240,5.8646,0,0
0x1CE8F54F,17,0x81C5C8E5,0x255EAB53,3,-0.8480,1.1837,1.5649,1,0
0x1CE8F54F,18,0x8AC4D031,0x255EAB53,3,-0.9095,2.3874,1.5649,1,0
0x1CE8F54F,19,0xCE4AF7F7,0x255EAB53,3,0.9096,2.3874,1.5649,1,0
0x1CE8F54F,20,0x6E17A0BF,0x255EAB53,3,0.9341,1.1837,1.5649,1,0
0x1CE8F54F,21,0x7B07CC29,0x255EAB53,3,-0.6329,2.0125,3.1695,1,0
0x1CE8F54F,22,0x7C818ED2,0x255EAB53,3,0.0000,0.7465,3.8775,1,0
0x1CE8F54F,23,0x63484DB7,0x255EAB53,3,-0.1255,2.0923,5.3427,1,0
0x1CE8F54F,24,0xA2B537F4,0x255EAB53,3,0.0000,0.8885,3.6001,1,0
0x1CE8F54F,25,0x87D972A4,0x255EAB53,3,0.0000,0.0000,0.0000,0,0
0x1CE8F54F,26,0xA50403DD,0x87D972A4,4,0.0000,0.0000,0.0000,0,1
0x1CE8F54F,27,0x238B2B6C,0xA50403DD,5,-1.2173,3.1678,0.5208,1,1
0x1CE8F54F,28,0x1D8D6091,0xA50403DD,5,-0.6037,2.9403,2.3526,1,1
0x1CE8F54F,29,0xB366B8C7,0x255EAB53,3,0.0000,4.3810,-0.0011,0,0
0x1CE8F54F,30,0xA998B636,0xB366B8C7,4,0.0000,4.3810,-0.0011,0,0
0x1CE8F54F,31,0x8F96690F,0xA998B636,5,0.0000,4.3810,-0.0011,0,1
0x1CE8F54F,32,0x7AE04F5B,0x8F96690F,6,5.6993,4.6327,1.7254,1,1
0x1CE8F54F,33,0x78ED1828,0x8F96690F,6,0.1677,4.3810,6.4670,1,1
0x1CE8F54F,34,0x62EF341D,0x8F96690F,6,-6.0997,4.3810,2.0999,1,1
0x1CE8F54F,35,0xE0E7ABB2,0x8F96690F,6,-3.4340,4.3810,-4.6256,1,1
0x1CE8F54F,36,0x02EA1FCF,0x8F96690F,6,3.3836,4.6334,-4.7276,1,1
0x1CE8F54F,37,0xD06B9499,0xA998B636,5,0.0000,4.3810,-0.0011,0,1
0x1CE8F54F,38,0x4CC628FA,0xD06B9499,6,0.0000,4.3810,-0.0011,1,0
0x1CE8F54F,39,0x2C9F4CEC,0xD06B9499,6,0.0000,4.3810,-0.0011,1,0
0x1CE8F54F,40,0x1D4F731C,0x255EAB53,3,0.6507,4.7688,-11.2306,0,0
0x1CE8F54F,41,0x8EC23BD5,0x1D4F731C,4,0.6507,4.7688,-11.2306,0,1
0x1CE8F54F,42,0xAE7F16A4,0x8EC23BD5,5,0.6507,4.7688,-11.2306,1,1
0x1CE8F54F,43,0x17664A2B,0x1D4F731C,4,0.6507,4.7688,-11.2306,0,1
0x1CE8F54F,44,0x59748439,0x17664A2B,5,0.6507,4.7688,-11.2306,0,0
0x1CE8F54F,45,0x05F65F7E,0x59748439,6,0.6507,4.7688,-11.2306,1,0
0x1CE8F54F,46,0xC0657B1C,0x59748439,6,0.6507,4.7688,-11.2306,1,0
0x1CE8F54F,47,0x4C3872C2,0x255EAB53,3,-0.2071,0.8590,-1.7312,0,0
0x1CE8F54F,48,0x35EFDCBD,0x4C3872C2,4,-0.2071,0.8590,-1.7312,1,0
0x1CE8F54F,49,0xCE3FFB2D,0x255EAB53,3,-0.8415,1.2699,-0.9251,1,0
0x1CE8F54F,50,0xD3FC5A22,0x255EAB53,3,-0.1890,1.5167,-1.2749,1,0
0x1CE8F54F,51,0x6F4B8E5B,0x255EAB53,3,-0.6800,1.1305,-0.8341,0,0
0x1CE8F54F,52,0x06793B41,0x6F4B8E5B,4,-0.2077,1.2666,-0.6109,1,0
0x1CE8F54F,53,0xB63B3C88,0x255EAB53,3,0.2071,0.8590,-1.7312,0,0
0x1CE8F54F,54,0xFB45E9A3,0xB63B3C88,4,0.2071,0.8590,-1.7312,1,0
0x1CE8F54F,55,0xC0390DAF,0x255EAB53,3,0.9273,1.2699,-0.9251,1,0
0x1CE8F54F,56,0x53E38BBC,0x255EAB53,3,0.1890,1.5167,-1.2749,1,0
0x1CE8F54F,57,0xD795D3C5,0x255EAB53,3,0.6800,1.1305,-0.8341,0,0
0x1CE8F54F,58,0x6E91E3DF,0xD795D3C5,4,0.2077,1.2666,-0.6109,1,0
0x1CE8F54F,59,0x750A4CAD,0x75F1F74D,3,-0.4088,2.8972,2.6276,1,0
0x1CE8F54F,60,0xF302C442,0x75F1F74D,3,-0.0912,2.2804,-3.9440,1,0
0x1CE8F54F,61,0xC99DC09D,0x75F1F74D,3,0.0000,1.6267,0.7520,1,0
0x1CE8F54F,62,0x61CC5241,0x2C3EDC3C,4,0.0000,1.2905,3.4418,1,0
0x1CE8F54F,63,0xC45E0BFF,0x255EAB53,3,0.0000,4.8593,-0.0020,1,0
0x1CE8F54F,64,0x59EC0B52,0x255EAB53,3,-1.2287,3.3693,0.1199,1,0
0x1CE8F54F,65,0xDBF393BD,0x255EAB53,3,1.2187,3.3209,0.1522,1,0
0x1CE8F54F,66,0x892CF579,0x255EAB53,3,-0.7350,1.0010,4.3783,1,0
0x1CE8F54F,67,0xF59893A5,0x4B5639EC,4,3.4815,0.9457,-1.1415,0,1
0x1CE8F54F,68,0x65C7A007,0xF59893A5,5,-3.8608,1.1054,-1.9935,1,0
0x1CE8F54F,69,0xC3AC5D84,0xF59893A5,5,-3.7481,0.6375,-1.9935,1,0
0x1CE8F54F,70,0xDDAEC509,0xF59893A5,5,3.0683,1.1054,-1.9935,1,0
0x1CE8F54F,71,0x3BA70A3E,0xF59893A5,5,3.1811,0.6375,-1.9935,1,0
0x1CE8F54F,72,0x5DA97E5B,0xF59893A5,5,-3.1473,0.6375,-1.9935,1,0
0x1CE8F54F,73,0x5BB64728,0xF59893A5,5,-3.0423,1.1054,-1.9935,1,0
0x1CE8F54F,74,0x45B8631D,0xF59893A5,5,3.7819,0.6375,-1.9935,1,0
0x1CE8F54F,75,0xC3B0DAB2,0xF59893A5,5,3.8869,1.1054,-1.9935,1,0
0x1CE8F54F,76,0xAFD6E661,0xF59893A5,5,-3.8608,1.1054,-1.0883,0,0
0x1CE8F54F,77,0x9A96321B,0xAFD6E661,6,-3.8608,1.1054,-1.0883,0,1
0x1CE8F54F,78,0x882BF191,0x9A96321B,7,-3.8608,1.1054,-1.0883,0,0
0x1CE8F54F,79,0xC9591E60,0x882BF191,8,-3.8608,1.1054,-1.0883,1,0
0x1CE8F54F,80,0xC2C743B4,0x882BF191,8,-3.8608,1.1054,-1.0883,1,0
0x1CE8F54F,81,0x95C57452,0xF59893A5,5,-3.7481,0.6375,-1.0883,0,0
0x1CE8F54F,82,0x523932F2,0x95C57452,6,-3.7481,0.6375,-1.0883,0,1
0x1CE8F54F,83,0x882BF191,0x523932F2,7,-3.7481,0.6375,-1.0883,0,0
0x1CE8F54F,84,0xEB39003B,0x882BF191,8,-3.7481,0.6375,-1.0883,1,0
0x1CE8F54F,85,0x9CC94679,0x882BF191,8,-3.7481,0.6375,-1.0883,1,0
0x1CE8F54F,86,0xB7C7E86F,0xF59893A5,5,3.0683,1.1054,-1.0883,0,0
0x1CE8F54F,87,0x2C8F1D65,0xB7C7E86F,6,3.0683,1.1054,-1.0883,0,1
0x1CE8F54F,88,0x882BF191,0x2C8F1D65,7,3.0683,1.1054,-1.0883,0,0
0x1CE8F54F,89,0xC9368C1E,0x882BF191,8,3.0683,1.1054,-1.0883,1,0
0x1CE8F54F,90,0x3AC1F06E,0x882BF191,8,3.0683,1.1054,-1.0883,1,0
0x1CE8F54F,91,0xADCA1748,0xF59893A5,5,3.1811,0.6375,-1.0883,0,0
0x1CE8F54F,92,0x8788EECC,0xADCA1748,6,3.1811,0.6375,-1.0883,0,1
0x1CE8F54F,93,0x882BF191,0x8788EECC,7,3.1811,0.6375,-1.0883,0,0
0x1CE8F54F,94,0xEB3D7D69,0x882BF191,8,3.1811,0.6375,-1.0883,1,0
0x1CE8F54F,95,0x9CC4C94B,0x882BF191,8,3.1811,0.6375,-1.0883,1,0
0x1CE8F54F,96,0x17CCFCBD,0xF59893A5,5,-3.1473,0.6375,-1.0883,0,0
0x1CE8F54F,97,0x8C3CA2BF,0x17CCFCBD,6,-3.1473,0.6375,-1.0883,0,1
0x1CE8F54F,98,0x882BF191,0x8C3CA2BF,7,-3.1473,0.6375,-1.0883,0,0
0x1CE8F54F,99,0xD13B15E4,0x882BF191,8,-3.1473,0.6375,-1.0883,1,0
0x1CE8F54F,100,0x1AD0C898,0x882BF191,8,-3.1473,0.6375,-1.0883,1,0
0x1CE8F54F,101,0x0DBBA3DE,0xF59893A5,5,-3.0423,1.1054,-1.0883,0,0
0x1CE8F54F,102,0x2136B2C6,0x0DBBA3DE,6,-3.0423,1.1054,-1.0883,0,1
0x1CE8F54F,103,0x882BF191,0x2136B2C6,7,-3.0423,1.1054,-1.0883,0,0
0x1CE8F54F,104,0x7342D0AF,0x882BF191,8,-3.0423,1.1054,-1.0883,1,0
0x1CE8F54F,105,0x44D3494D,0x882BF191,8,-3.0423,1.1054,-1.0883,1,0
0x1CE8F54F,106,0x2FBE17FB,0xF59893A5,5,3.7819,0.6375,-1.0883,0,0
0x1CE8F54F,107,0x8D257319,0x2FBE17FB,6,3.7819,0.6375,-1.0883,0,1
0x1CE8F54F,108,0x882BF191,0x8D257319,7,3.7819,0.6375,-1.0883,0,0
0x1CE8F54F,109,0x51405C92,0x882BF191,8,3.7819,0.6375,-1.0883,1,0
0x1CE8F54F,110,0xC2CBC0E2,0x882BF191,8,3.7819,0.6375,-1.0883,1,0
0x1CE8F54F,111,0x15C02DA4,0xF59893A5,5,3.8869,1.1054,-1.0883,0,0
0x1CE8F54F,112,0x3DF6AA10,0x15C02DA4,6,3.8869,1.1054,-1.0883,0,1
0x1CE8F54F,113,0x882BF191,0x3DF6AA10,7,3.8869,1.1054,-1.0883,0,0
0x1CE8F54F,114,0xF79C6DA0,0x882BF191,8,3.8869,1.1054,-1.0883,1,0
0x1CE8F54F,115,0xD347E4FD,0x882BF191,8,3.8869,1.1054,-1.0883,1,0
0x1CE8F54F,116,0xA2227FEE,0xF59893A5,5,-3.8608,1.1054,-1.0883,1,0
0x1CE8F54F,117,0x0C47F7A5,0xF59893A5,5,-3.7481,0.6375,-1.0883,1,0
0x1CE8F54F,118,0xA2451230,0xF59893A5,5,3.0683,1.1054,-1.0883,1,0
0x1CE8F54F,119,0x8C42B0F7,0xF59893A5,5,3.1811,0.6375,-1.0883,1,0
0x1CE8F54F,120,0xAA40A19A,0xF59893A5,5,-3.1473,0.6375,-1.0883,1,0
0x1CE8F54F,121,0x843E2731,0xF59893A5,5,-3.0423,1.1054,-1.0883,1,0
0x1CE8F54F,122,0x0A3B288C,0xF59893A5,5,3.7819,0.6375,-1.0883,1,0
0x1CE8F54F,123,0x243912E3,0xF59893A5,5,3.8869,1.1054,-1.0883,1,0
0x1CE8F54F,124,0x3443ECE3,0x4B5639EC,4,3.4815,0.9457,-1.1415,0,1
0x1CE8F54F,125,0x4C55E0DA,0x3443ECE3,5,-3.6720,0.9663,-0.1364,1,0
0x1CE8F54F,126,0x3AF77C13,0x3443ECE3,5,-3.6720,0.9663,-2.1113,1,0
0x1CE8F54F,127,0xAE5D36E5,0x3443ECE3,5,-3.2276,0.9663,-0.1364,1,0
0x1CE8F54F,128,0x60F9F67C,0x3443ECE3,5,-3.2276,0.9663,-2.1113,1,0
0x1CE8F54F,129,0x3293C48E,0x3443ECE3,5,3.7036,1.0093,-2.1113,1,0
0x1CE8F54F,130,0x9EE3923B,0x3443ECE3,5,3.7036,1.0093,-0.1364,1,0
0x1CE8F54F,131,0x949B1A99,0x3443ECE3,5,3.2593,1.0093,-2.1113,1,0
0x1CE8F54F,132,0x84E5A7E4,0x3443ECE3,5,3.2593,1.0093,-0.1364,1,0
0x1CE8F54F,133,0xD9B2CEF2,0xA40ACADC,4,-2.4594,1.2681,-2.2340,1,0
0x1CE8F54F,134,0x1F1324FD,0xA40ACADC,4,-2.4594,1.2681,-0.0824,1,0
0x1CE8F54F,135,0x61C99B58,0xA40ACADC,4,2.4824,1.2730,-2.2340,1,0
0x1CE8F54F,136,0xE07EEBA3,0xA40ACADC,4,2.4824,1.2730,-0.0824,1,0
0x1CE8F54F,137,0x4A8CBB0E,0xA40ACADC,4,2.4824,1.5818,-1.1357,1,0
0x1CE8F54F,138,0x15CD74BC,0xA40ACADC,4,2.4824,1.5818,-1.1357,1,0
0x1CE8F54F,139,0x9CA58B6A,0xA40ACADC,4,2.4824,1.5818,-1.1357,1,0
0x1CE8F54F,140,0x549E13ED,0xA40ACADC,4,-2.4594,1.5769,-1.1357,1,0
0x1CE8F54F,141,0x8FD07361,0xA40ACADC,4,-2.4594,1.5769,-1.1357,1,0
0x1CE8F54F,142,0xBEA7FF87,0xA40ACADC,4,-2.4594,1.5769,-1.1357,1,0
0x1CE8F54F,143,0x2A9B9338,0xA40ACADC,4,-2.4594,1.5769,-1.1357,1,0
0x1CE8F54F,144,0x75D2890A,0xA40ACADC,4,-2.4594,1.5769,-1.1357,1,0
0x1CE8F54F,145,0x3CA0771C,0xA40ACADC,4,-2.4594,1.5769,-1.1357,1,0
0x1CE8F54F,146,0x5BBA575D,0x7E085073,4,-1.8287,1.3727,-2.2340,1,0
0x1CE8F54F,147,0x9D0B9C92,0x7E085073,4,-1.8287,1.3727,-0.0824,1,0
0x1CE8F54F,148,0x6BC76C7F,0x7E085073,4,1.8538,1.3727,-2.2340,1,0
0x1CE8F54F,149,0xC681014C,0x7E085073,4,1.8538,1.3727,-0.0824,1,0
0x1CE8F54F,150,0xD9E5E217,0x7E085073,4,1.8538,1.6815,-1.1357,1,0
0x1CE8F54F,151,0x9BAC2BFD,0x7E085073,4,1.8538,1.6815,-1.1357,1,0
0x1CE8F54F,152,0x529144D4,0x7E085073,4,1.8538,1.6815,-1.1357,1,0
0x1CE8F54F,153,0x2C8ECA6B,0x7E085073,4,-1.8287,1.6815,-1.1357,1,0
0x1CE8F54F,154,0xEFCAFA53,0x7E085073,4,-1.8287,1.6815,-1.1357,1,0
0x1CE8F54F,155,0xBEAC7CB5,0x7E085073,4,-1.8287,1.6815,-1.1357,1,0
0x1CE8F54F,156,0x8BC4B232,0x255EAB53,3,1.6501,0.0000,1.2021,1,0
0x1CE8F54F,157,0x0BFB95AC,0x255EAB53,3,-1.6501,0.0000,1.2021,1,0
0x1CE8F54F,158,0x35F6FE3E,0x255EAB53,3,-0.5000,0.0000,0.2882,1,0
0x1CE8F54F,159,0xD6419BD0,0x255EAB53,3,0.5000,0.0000,0.2882,1,0
0x1CE8F54F,160,0xB7B74863,0x255EAB53,3,0.0000,0.7728,0.6408,1,0
0x1CE8F54F,161,0xD6EBE292,0x255EAB53,3,-0.0909,1.0169,3.7952,1,0
0x1CE8F54F,162,0x8869E876,0x255EAB53,3,1.1760,0.0000,5.1103,1,0
0x1CE8F54F,163,0x688C4858,0x255EAB53,3,-1.2649,0.0000,4.2049,1,0
0x1CE8F54F,164,0xD721FC8C,0x255EAB53,3,-0.0487,0.9247,5.1103,1,0
0x1CE8F54F,165,0x3FDA8803,0x76EAB0EA,5,0.0000,0.7546,6.8117,1,0
0x1CE8F54F,166,0x51A9C2DE,0x76EAB0EA,5,0.0419,0.6304,5.8304,1,0
0x1CE8F54F,167,0xA8A17B68,0xA50403DD,5,-0.7861,3.1843,0.8521,1,0
0x1CE8F54F,168,0xFC7BA7CC,0xA50403DD,5,1.0507,3.1596,0.9043,1,0
0x1CE8F54F,169,0x78CCA6A3,0x87D972A4,4,0.0000,0.0000,0.0000,1,1
0x1CE8F54F,170,0x9B32391D,0x8F96690F,6,2.6834,5.2389,0.7939,1,0
0x1CE8F54F,171,0xB1301D28,0x8F96690F,6,0.0811,4.9711,3.8539,1,0
0x1CE8F54F,172,0xB323545B,0x8F96690F,6,-4.0048,4.2229,1.3834,1,0
0x1CE8F54F,173,0x9120E03E,0x8F96690F,6,-1.8698,4.5652,-2.2234,1,0
0x1CE8F54F,174,0xE290B0C2,0x8F96690F,6,0.0000,4.3810,-0.0011,1,0
0x1CE8F54F,175,0x33289B09,0x8F96690F,6,1.8606,4.1978,-2.7536,1,0
0x1CE8F54F,176,0x76943CCF,0x8EC23BD5,5,0.1138,3.2392,-9.9743,1,0
0x1CE8F54F,177,0xE647A252,0x6F4B8E5B,4,-0.2077,1.2666,-0.6109,1,0
0x1CE8F54F,178,0xE67DBC4C,0xD795D3C5,4,0.2077,1.2666,-0.6109,1,0
