AiBehavior	0x017bd254	0x00bc4fe0
AiDriving	0x017bc944	0x00bc4d2c
AiHelicopter	0x017bc8f4	0x00bc4d1c
AiPatrol	0x017bc8a4	0x00bc4d10
AiSkill	0x017bc854	0x00bc4d08
AiUnUsable	0x017c0594	0x00bc5ec4
AiWaterZone	0x017bd6b4	0x00bc50bc
ChatterSet	0x017bd4d4	0x00bc502c
MeleeCombatant	0x017be1a4	0x00bc53a4
Perception	0x017bd2f4	0x00bc4fec
PopulationDensity	0x017bdb14	0x00bc51f4
PopulationDynamicRoad	0x017bdbb4	0x00bc5234
PopulationFlow	0x017bdc04	0x00bc525c
RtLivingWorld	0x017bfeb4	0x00bc5c7c
RtPopHint	0x017bfa54	0x00bc5b5c
RtPopMembership	0x017bfaa4	0x00bc5b68
RuntimeTravelGroup	0x017bf694	0x00bc5a3c
SkirmishSpawnList	0x017bd574	0x00bc5048
SkirmishZone	0x017bd524	0x00bc5038
SocialUse	0x017bd484	0x00bc5020
Squad	0x017bc994	0x00bb4a18
Stimulus	0x017bd344	0x00bc4ff8
StimulusModifier	0x017bd394	0x00bc5004
Suspect	0x017c05e4	0x00bc5ed0
Target	0x017bd3e4	0x00bb4d24
