Anchor	0x017bd2a4	0x00bb4a08
BoneControllerRuntime	0x017c0134	0x00bc5d40
BoneCtrlPhysicsActor	0x017bbfe4	0x00bc4abc
Buoyancy	0x017bc624	0x00bc4c90
CenterOfMassInWorld	0x017bfff4	0x00bc5cb8
ControllerBoat	0x017bd024	0x00bc4f28
ControllerCar	0x017bcfd4	0x00bc4f18
ControllerHelicopter	0x017bd114	0x00bc4fa0
ControllerLW	0x017bd0c4	0x00bc4f48
ControllerLadder	0x017bd164	0x00bc4fb8
ControllerPlayer	0x017bcf34	0x00bc4ef0
ControllerTank	0x017bd074	0x00bc4f38
ControllerVehicle	0x017bcf84	0x00bc4f04
ControllerVelocity	0x017bcb74	0x00bc4d98
Crusher	0x017be9c4	0x00bc5628
MassiveComponent	0x017be974	0x00bc5614
PhysicsActor	0x017bf8c4	0x00bc5b10
PhysicsActorRagdoll	0x017bf964	0x00bc5b34
PhysicsActorWinch	0x017bf914	0x00bc5b20
PhysicsDefaultActivator	0x017bc534	0x00bc4c3c
PhysicsPropertyFakeContinuous	0x017bc084	0x00bc4b00
PhysicsPropertyGravityScaler	0x017bc124	0x00bc4b3c
PhysicsPropertyUncrushable	0x017bc0d4	0x00bc4b20
RTHuman	0x017bfa04	0x00bc5b54
RagdollController	0x017c0544	0x00bc5eb0
RtDebris	0x017bf9b4	0x00bc5b48
RtDriverData	0x017bfaf4	0x00bc5b8c
RtJunction	0x017bfb44	0x00bc5b9c
RuntimeMassiveSubscriber	0x017bf874	0x00bc5af4
Sticky	0x017be604	0x00bc54b0
Winch	0x017bc584	0x00baa5f4
