AiBehavior	0x017bd254	0x00bc4fe0
AiDriving	0x017bc944	0x00bc4d2c
AiHelicopter	0x017bc8f4	0x00bc4d1c
AiPatrol	0x017bc8a4	0x00bc4d10
AiSkill	0x017bc854	0x00bc4d08
AiUnUsable	0x017c0594	0x00bc5ec4
AiWaterZone	0x017bd6b4	0x00bc50bc
Alarm	0x017bd434	0x00bc5018
Anchor	0x017bd2a4	0x00bb4a08
AnimationController	0x017c0094	0x00bc5d1c
BlobShadow	0x017be244	0x00bc53cc
BoneControllerRuntime	0x017c0134	0x00bc5d40
BoneCtrlPhysicsActor	0x017bbfe4	0x00bc4abc
BoundaryData	0x017bdcf4	0x00bc5288
BuildingDestruction	0x017bdde4	0x00bc52b4
Buoyancy	0x017bc624	0x00bc4c90
CameraCarPreset	0x017bce44	0x00bc4e7c
CameraShake	0x017bce94	0x00bc4ed0
Carryable	0x017be794	0x00bc555c
CashValue	0x017bd754	0x00bc50dc
CenterOfMassInWorld	0x017bfff4	0x00bc5cb8
ChatterSet	0x017bd4d4	0x00bc502c
CircleRegion	0x017bdc54	0x00bc526c
ColorAnimation	0x017be564	0x00bc5490
ContextAction	0x017bff54	0x00baa60c
ControlBinding	0x017c00e4	0x00bc5d30
ControllerBoat	0x017bd024	0x00bc4f28
ControllerCar	0x017bcfd4	0x00bc4f18
ControllerHelicopter	0x017bd114	0x00bc4fa0
ControllerLW	0x017bd0c4	0x00bc4f48
ControllerLadder	0x017bd164	0x00bc4fb8
ControllerPlayer	0x017bcf34	0x00bc4ef0
ControllerTank	0x017bd074	0x00bc4f38
ControllerVehicle	0x017bcf84	0x00bc4f04
ControllerVelocity	0x017bcb74	0x00bc4d98
Crusher	0x017be9c4	0x00bc5628
DamageKey	0x017bdf74	0x00bc5348
DangerousBuilding	0x017bdb64	0x00bc5208
Disable3DDecals	0x017be834	0x00bc5598
DisableDecals	0x017be7e4	0x00bc5588
EffectAiOccluder	0x017be474	0x00bc5454
EffectTemplate	0x017be424	0x00bc5434
EntranceParameters	0x017bd894	0x00bc5134
Equipment	0x017bcdf4	0x00bc4e3c
ExplosionFudge	0x017bc674	0x00bc4c9c
Explosive	0x017bcb24	0x00bc4d8c
FactionMarker	0x017bd5c4	0x00bc5078
FactionValue	0x017bd7f4	0x00bc50f8
FactionZone	0x017bd664	0x00bb98c0
Flammable	0x017be294	0x00bc53f4
FlareObject	0x017be514	0x00bc5484
FlightNoise	0x017bcc14	0x00bc4dc0
GrappleParameters	0x017be884	0x00bc55d4
Health	0x017bbf94	0x00bc49c0
HibernationControl	0x017bd1b4	0x00bc4fcc
HomingProjectile	0x017be6a4	0x00bc550c
HomingTarget	0x017be6f4	0x00bc5520
HomingWeapon	0x017be654	0x00bc54fc
HumanAnimationSet	0x017bcd54	0x00bc4e14
HumanAnimationSystem	0x017bcd04	0x00bc4dfc
HumanCameraModifier	0x017bcee4	0x00bc4edc
HumanInventory	0x017bde84	0x00bc52d8
Ignitor	0x017be2e4	0x00bc5400
InitialVelocity	0x017bc034	0x00bc4ad4
IntersectionToIntersection	0x017bd984	0x00bc5198
LandingZone	0x017bd704	0x00bc50d0
LaneData	0x017bd9d4	0x00bc51b4
LaneZeroDirection	0x017bda24	0x00bc51c0
LightAnimation	0x017be4c4	0x00bc5474
LightObject	0x017beb54	0x00bc5684
LineRegion	0x017bdca4	0x00bc527c
LocalizedName	0x017bd7a4	0x00bc50e8
LowResTerrainObject	0x017beba4	0x00bc5690
MassiveComponent	0x017be974	0x00bc5614
MeleeCombatant	0x017be1a4	0x00bc53a4
Model	0x017bffa4	0x00bc5cb0
ModelMixerProfile	0x017be744	0x00bc5548
MusicRegion	0x017be154	0x00bc5398
MusicSource	0x017be104	0x00bc538c
NetCategoryInfo	0x017bebf4	0x00bc56a4
ObjectHint	0x017be334	0x00bc5408
ObjectMaterial	0x017bded4	0x00bc52e8
ObjectScript	0x017bdd94	0x00bc52a4
ParticleEmitter	0x017bde34	0x00bc52c8
PathData	0x017bdd44	0x00bc5298
Perception	0x017bd2f4	0x00bc4fec
PhysicsActor	0x017bf8c4	0x00bc5b10
PhysicsActorRagdoll	0x017bf964	0x00bc5b34
PhysicsActorWinch	0x017bf914	0x00bc5b20
PhysicsDefaultActivator	0x017bc534	0x00bc4c3c
PhysicsPropertyFakeContinuous	0x017bc084	0x00bc4b00
PhysicsPropertyGravityScaler	0x017bc124	0x00bc4b3c
PhysicsPropertyUncrushable	0x017bc0d4	0x00bc4b20
PointLocation	0x017bdac4	0x00bc51e4
PopulationDensity	0x017bdb14	0x00bc51f4
PopulationDynamicRoad	0x017bdbb4	0x00bc5234
PopulationFlow	0x017bdc04	0x00bc525c
ProjectilePhysics	0x017bcbc4	0x00bc4dac
RTHuman	0x017bfa04	0x00bc5b54
RagdollController	0x017c0544	0x00bc5eb0
RedEffectComponent	0x017be3d4	0x00bc5420
Ribbon	0x017be8d4	0x00bc55e8
RoadIntersection	0x017bea14	0x00bc5648
RtAlarm	0x017c01d4	0x00bc5d80
RtAlphaAnimation	0x017bfd74	0x00bc5c08
RtColorAnimation	0x017bfcd4	0x00bc5be0
RtCoverHint	0x017c0184	0x00bc5d74
RtDamageFlags	0x017c0274	0x00bc5d88
RtDebris	0x017bf9b4	0x00bc5b48
RtDriverData	0x017bfaf4	0x00bc5b8c
RtFactionZone	0x017c0634	0x00bc5ed8
RtFlowControl	0x017bfdc4	0x00bc5c34
RtFlowCycleTimer	0x017bfe14	0x00bc5c44
RtGenericLOD	0x017c0774	0x00bc5f30
RtGenericLODProxy	0x017c07c4	0x00bc5f40
RtJunction	0x017bfb44	0x00bc5b9c
RtLightAnimation	0x017bfc84	0x00bc5bcc
RtLivingWorld	0x017bfeb4	0x00bc5c7c
RtPopHint	0x017bfa54	0x00bc5b5c
RtPopMembership	0x017bfaa4	0x00bc5b68
RtRedEffect	0x017bfb94	0x00bc5ba8
RtRibbon	0x017c0684	0x00bc5ee8
RtRoadIntersection	0x017bfe64	0x00bc5c58
RtScaleAnimation	0x017bfd24	0x00bc5bf4
RtSpeedLimit	0x017c06d4	0x00bc5ef4
RtTerrainChildren	0x017c0724	0x00bc5f04
RtTickDamage	0x017bfc34	0x00bc5bbc
RtVFX	0x017bfbe4	0x00bc5bb4
RuntimeAirstrikeAirplane	0x017bf234	0x00bc588c
RuntimeAirstrikeProjectile	0x017bf1e4	0x00bc5870
RuntimeAlternatingFire	0x017bece4	0x00bc571c
RuntimeAnimationParams	0x017bf464	0x00bc5988
RuntimeAssetRef	0x017bef14	0x00bc57c0
RuntimeClaim	0x017bf5f4	0x00bc59fc
RuntimeEntrance	0x017c0454	0x00bc5e74
RuntimeExplosion	0x017bef64	0x00bc57d0
RuntimeFakeProjectile	0x017bedd4	0x00bc576c
RuntimeFlightNoise	0x017bee24	0x00bc5784
RuntimeHeadLookAt	0x017bf374	0x00bc5914
RuntimeHealth	0x017befb4	0x00bc57e4
RuntimeHijackState	0x017c04a4	0x00bc5e84
RuntimeHomingProjectile	0x017bf734	0x00bc5a64
RuntimeHomingTarget	0x017bf784	0x00bc5a7c
RuntimeHomingWeapon	0x017bf6e4	0x00bc5a50
RuntimeIgnitor	0x017bf3c4	0x00bc594c
RuntimeInventory	0x017bf414	0x00bc5974
RuntimeLaserDesignator	0x017bf7d4	0x00bc5a90
RuntimeLastDamageApplied	0x017bf644	0x00bc5a20
RuntimeLayerId	0x017bf4b4	0x00bc59a0
RuntimeMassiveSubscriber	0x017bf874	0x00bc5af4
RuntimeMusicRegion	0x017bf144	0x00bc5848
RuntimeNodeHealth	0x017bf004	0x00bc57f4
RuntimeObjectiveMarker	0x017bf284	0x00bc58a8
RuntimeOwnerGuid	0x017bf194	0x00bc585c
RuntimeProjectile	0x017bed84	0x00bc5758
RuntimeProjectileThrown	0x017bee74	0x00bc5798
RuntimeRiderCrawlExit	0x017bf554	0x00bc59c8
RuntimeRiderDiveEnter	0x017bf504	0x00bc59b0
RuntimeRope	0x017c0044	0x00bc5ccc
RuntimeScriptCallback	0x017bf2d4	0x00bc58c0
RuntimeScrub	0x017bf324	0x00bc58d8
RuntimeSeatPlayerUsable	0x017c04f4	0x00bc5e98
RuntimeSoundAmbience	0x017bf0f4	0x00bc5830
RuntimeSoundEffect	0x017bf0a4	0x00bc581c
RuntimeSoundRuinKey	0x017bf054	0x00bc5808
RuntimeTerrainBound	0x017bff04	0x00bc5c9c
RuntimeTimer	0x017beec4	0x00bc57b0
RuntimeTravelGroup	0x017bf694	0x00bc5a3c
RuntimeVehicleCrawlExits	0x017bf5a4	0x00bc59e0
RuntimeVehicleInventory	0x017bf824	0x00bc5aa8
RuntimeVelocity	0x017bed34	0x00bc5748
RuntimeWeapon	0x017bec44	0x00bc56f4
RuntimeWeaponProjectile	0x017bec94	0x00bc5704
ScaleAnimation	0x017be5b4	0x00bc54a0
SceneObject	0x017c0314	0x00bc5dc4
ScrubObject	0x017bea64	0x00bc565c
SeatParameters	0x017bd844	0x00bc5114
SkirmishSpawnList	0x017bd574	0x00bc5048
SkirmishZone	0x017bd524	0x00bc5038
SocialUse	0x017bd484	0x00bc5020
SoundAmbience	0x017be064	0x00bc536c
SoundEffect	0x017be014	0x00bc5360
SoundInterior	0x017be0b4	0x00bc537c
SoundRuinKey	0x017bdf24	0x00bc532c
SpawnerAdjust	0x017c02c4	0x00bc5db4
SpeedLimit	0x017be924	0x00bc55f0
SphereRegion	0x017bda74	0x00bc51d4
Squad	0x017bc994	0x00bb4a18
StateMachine	0x017bd8e4	0x00bc5170
Status	0x00cde79c	0x00b4e534
Sticky	0x017be604	0x00bc54b0
Stimulus	0x017bd344	0x00bc4ff8
StimulusModifier	0x017bd394	0x00bc5004
Suspect	0x017c05e4	0x00bc5ed0
SysPathIntersectionIndex	0x017c0404	0x00bc5e30
SysPathRoadIndex	0x017c03b4	0x00bc5e1c
Target	0x017bd3e4	0x00bb4d24
TerrainFade	0x017beb04	0x00bc5678
TerrainGuidMappingHighResToLowRe	0x017c0364	0x00bc5df8
TerrainKey	0x017bdfc4	0x00bc5354
TerrainObject	0x017beab4	0x00bc5668
TickDamage	0x017be1f4	0x00bc53b4
TimerResponse	0x017bccb4	0x00bc4dec
TinyGeometryObject	0x017bc494	0x00bc4c14
TriggerOnTimer	0x017bcc64	0x00bc4dcc
Update	0x00cde784	0x00b61018
Usable	0x017c0224	0x00bba5d8
VehicleAnimationSet	0x017bcda4	0x00bc4e28
VehicleDisguiseScale	0x017bd614	0x00bc5098
WeaponBarrel	0x017bc764	0x00bc4cd0
WeaponEffects	0x017bc6c4	0x00bc4cac
WeaponHint	0x017be384	0x00bc5414
WeaponProjectileBase	0x017bc7b4	0x00bc4ce0
WeaponRecoilVehicle	0x017bc714	0x00bc4cbc
WeaponScatter	0x017bc804	0x00bc4cf8
WeaponScope	0x017bcad4	0x00bc4d80
WeaponThrown	0x017bc9e4	0x00bc4d54
WeaponTrigger	0x017bca34	0x00bc4d64
WeaponUI	0x017bca84	0x00bc4d74
Winch	0x017bc584	0x00baa5f4
WpMeshShape	0x017c6f88	0x00bd22c4
display	0x017d3f94	0x00bd7350
failresolve	0x01175e30	0x00bb3e1c
finalize	0x01175e30	0x00bb3e30
index	0x017d4028	0x00bd65a4
potential	0x01175e30	0x00bb3e00
pshader	0x017d4044	0x00bd69e8
surface	0x017d3fd4	0x00bd6e88
texture	0x017d3ff0	0x00baffa8
vertdecl	0x017d400c	0x00bd6c30
vertex	0x017d3f78	0x00bd231c
vshader	0x017d3fb0	0x00bd6fec
