asset_hash,name,provenance,source,types
0x001616F7,vz_state_alljob005_01_destroyed_tinygeometry_tgr12_tgc06_0x001439f9,block-stem,ps3-VZ.WAD,model
0x0045B675,vz_state_chijob002_01_pristine_tinygeometry_tgr09_tgc20_0x00143af2,block-stem,ps3-VZ.WAD,model
0x00B453DB,vz_state_chijob006_c_destroyed_tinygeometry_tgr32_tgc22_0x00143b5a,block-stem,ps3-VZ.WAD,model
0x0136E78A,vz_state_alljob005_01_defenses_tinygeometry_tgr12_tgc06_0x001439f6,block-stem,ps3-VZ.WAD,model
0x019EDBFE,global_billboard02,bare,aset_model_names.json,model
0x02294AA0,vz_state_alljob001_03_captured_tinygeometry_tgr29_tgc14_0x001439ca,block-stem,ps3-VZ.WAD,model
0x027DAD98,vz_state_chicon002_depot_pristine_tinygeometry_tgr27_tgc30_0x00143aa3,block-stem,ps3-VZ.WAD,model
0x048A1170,vz_state_chijob006_d_defenses_tinygeometry_tgr29_tgc23_0x00143b63,block-stem,ps3-VZ.WAD,model
0x04A3B829,vz_state_chicon002_hq_destroyed_tinygeometry_tgr27_tgc32_0x00143aa8,block-stem,ps3-VZ.WAD,model
0x04D6D0D0,vz_state_oiljob012_03_pristine_tinygeometry_tgr19_tgc23_0x00143d0c,block-stem,ps3-VZ.WAD,model
0x04ED3522,mountain_bld_bunkerdestroyed,bare,aset_model_names.json,model
0x05099066,vz_state_gurjob002_02_pristine_tinygeometry_tgr07_tgc29_0x00143fd4,block-stem,ps3-VZ.WAD,model
0x0527331F,vz_state_alljob001_04_defenses_tinygeometry_tgr21_tgc13_0x001439db,block-stem,ps3-VZ.WAD,model
0x0630E713,vz_state_mer_commercialpristine_tinygeometry_tgr11_tgc29_0x00143c92,block-stem,ps3-VZ.WAD,model
0x06AD8DE0,vz_state_chicon002_bridge_pristine_tinygeometry_tgr23_tgc30_0x00143a9b,block-stem,ps3-VZ.WAD,model
0x09A2C7C0,vz_state_pirjob012_09_pristine_tinygeometry_tgr20_tgc23_0x00143d88,block-stem,ps3-VZ.WAD,model
0x09B38DDF,vz_state_gua_upperclass_pristine_tinygeometry_tgr05_tgc13_0x00144063,block-stem,ps3-VZ.WAD,model
0x09ECC529,vz_state_gua_upperclass_pristine_tinygeometry_tgr06_tgc13_0x00144064,block-stem,ps3-VZ.WAD,model
0x0B1A2A57,vz_state_chicon005_a_pristine_tinygeometry_tgr13_tgc15_0x00143aaf,block-stem,ps3-VZ.WAD,model
0x0BB034DD,global_billboard05,bare,aset_model_names.json,model
0x0BDDDC88,vz_state_chijob001_02_staging_tinygeometry_tgr24_tgc10_0x00143adf,block-stem,ps3-VZ.WAD,model
0x0BEF7E7B,city_bld_storefronte,bare,aset_model_names.json,model
0x0C0F462E,vz_state_chijob002_03_staging_tinygeometry_tgr07_tgc13_0x00143b01,block-stem,ps3-VZ.WAD,model
0x0CB8CFA2,vz_state_pirjob002_01_pristine_tinygeometry_tgr33_tgc34_0x00143d30,block-stem,ps3-VZ.WAD,model
0x0CBB1AB1,vz_state_chijob010_04_staging_tinygeometry_tgr17_tgc21_0x00143b8f,block-stem,ps3-VZ.WAD,model
0x0D1E212A,vz_state_chijob006_b_pristine_tinygeometry_tgr35_tgc26_0x00143b53,block-stem,ps3-VZ.WAD,model
0x0DD1BA94,vz_state_pirjob002_03_captured_tinygeometry_tgr27_tgc24_0x00143d3f,block-stem,ps3-VZ.WAD,model
0x0DE86D17,vz_state_chicon002_depot_pristine_tinygeometry_tgr28_tgc30_0x00143aa5,block-stem,ps3-VZ.WAD,model
0x0E0E9905,vz_state_chijob010_01_pristine_tinygeometry_tgr18_tgc19_0x00143b7e,block-stem,ps3-VZ.WAD,model
0x0E178737,vz_state_chicon002_hq_pristine_tinygeometry_tgr27_tgc32_0x00143aaa,block-stem,ps3-VZ.WAD,model
0x0E524C03,vz_state_pirjob012_01_staging_tinygeometry_tgr09_tgc13_0x00143d64,block-stem,ps3-VZ.WAD,model
0x108E5D1D,vz_state_chijob006_b_defenses_tinygeometry_tgr36_tgc26_0x00143b4e,block-stem,ps3-VZ.WAD,model
0x1090E593,vz_state_oiljob011_02_pristine_tinygeometry_tgr16_tgc26_0x00143cf7,block-stem,ps3-VZ.WAD,model
0x10F26D4F,vz_state_oiljob008_j_pristine_tinygeometry_tgr04_tgc21_0x00143ce6,block-stem,ps3-VZ.WAD,model
0x1116D732,vz_state_chicon006_a_pristine_tinygeometry_tgr14_tgc12_0x00143abc,block-stem,ps3-VZ.WAD,model
0x112A03B4,vz_state_alljob001_04_staging_tinygeometry_tgr20_tgc13_0x001439e3,block-stem,ps3-VZ.WAD,model
0x125BD148,civ_hum_beachfemale_c,bare,character_figures.txt,model
0x125FFAC8,vz_state_chicon006_c_pristine_tinygeometry_tgr11_tgc09_0x00143ac7,block-stem,ps3-VZ.WAD,model
0x12642EAB,vz_state_pirjob012_09_pristine_tinygeometry_tgr20_tgc25_0x00143d89,block-stem,ps3-VZ.WAD,model
0x13603E76,vz_state_chijob006_c_defenses_tinygeometry_tgr32_tgc22_0x00143b56,block-stem,ps3-VZ.WAD,model
0x14224212,vzoutpost_bld_barrackbunkerabandoned,bare,aset_model_names.json,model
0x151FB0B6,vz_state_pirjob002_03_captured_tinygeometry_tgr27_tgc23_0x00143d3e,block-stem,ps3-VZ.WAD,model
0x15AEA841,vz_state_mer_commercialpristine_tinygeometry_tgr11_tgc28_0x00143c93,block-stem,ps3-VZ.WAD,model
0x162E0BBA,global_billboard_wall01,bare,aset_model_names.json,model
0x168FFF24,vz_state_gurcon001_fortress_destroyed_tinygeometry_tgr29_tgc26_0x00143ba7,block-stem,ps3-VZ.WAD,model
0x16E0EF5B,vz_state_chijob002_03_pristine_tinygeometry_tgr05_tgc12_0x00143afc,block-stem,ps3-VZ.WAD,model
0x170F9527,vz_state_alljob009_02_pristine_tinygeometry_tgr18_tgc14_0x00143a1e,block-stem,ps3-VZ.WAD,model
0x17555DDA,vz_state_alljob001_01_staging_tinygeometry_tgr21_tgc17_0x001439c5,block-stem,ps3-VZ.WAD,model
0x17A43252,vz_state_chijob006_b_destroyed_tinygeometry_tgr35_tgc26_0x00143b50,block-stem,ps3-VZ.WAD,model
0x17C9D744,vz_state_pirjob012_03_staging_tinygeometry_tgr11_tgc13_0x00143d6d,block-stem,ps3-VZ.WAD,model
0x189B4DF8,vz_state_chijob001_04_captured_tinygeometry_tgr21_tgc03_0x00143ae5,block-stem,ps3-VZ.WAD,model
0x18DC7687,vz_state_gurjob002_03_pristine_tinygeometry_tgr06_tgc25_0x00143be2,block-stem,ps3-VZ.WAD,model
0x1903A169,vz_veh_truck_m35,bare,vehicle_models.txt,model
0x19BAE7FB,vz_state_gurjob011_01_destroyed_tinygeometry_tgr13_tgc21_0x00143c1b,block-stem,ps3-VZ.WAD,model
0x1ADB0C59,vz_state_alljob001_03_captured_tinygeometry_tgr30_tgc14_0x001439cb,block-stem,ps3-VZ.WAD,model
0x1B153AE0,vz_state_alljob009_05_defenses_tinygeometry_tgr18_tgc16_0x00143a2c,block-stem,ps3-VZ.WAD,model
0x1C66AE79,oc_hum_fireman,bare,character_figures.txt,facefxactor;model
0x1C8B4C65,vz_state_chijob005_a_pristine_tinygeometry_tgr27_tgc17_0x00143b0d,block-stem,ps3-VZ.WAD,model
0x1D490999,vz_state_oiljob011_03_pristine_tinygeometry_tgr25_tgc25_0x00143cfa,block-stem,ps3-VZ.WAD,model
0x1D4EA097,vz_state_alljob005_03_destroyed_tinygeometry_tgr24_tgc06_0x00143a08,block-stem,ps3-VZ.WAD,model
0x1EA2970E,vz_state_pirjob012_02_staging_tinygeometry_tgr14_tgc17_0x00143d68,block-stem,ps3-VZ.WAD,model
0x1EA6563F,island_wallt,bare,aset_model_names.json,model
0x1EACC5D7,vz_state_pirjob002_03_captured_tinygeometry_tgr26_tgc23_0x00143d3c,block-stem,ps3-VZ.WAD,model
0x1ED01BF1,vz_state_chicon005_c_pristine_tinygeometry_tgr14_tgc10_0x00143aba,block-stem,ps3-VZ.WAD,model
0x1F0C0BDA,vz_state_pirjob002_02_captured_tinygeometry_tgr34_tgc25_0x00143d34,block-stem,ps3-VZ.WAD,model
0x201046ED,vz_state_chicon005_a_pristine_tinygeometry_tgr13_tgc16_0x00143aae,block-stem,ps3-VZ.WAD,model
0x2061937C,vz_state_alljob005_02_staging_tinygeometry_tgr22_tgc08_0x00143a04,block-stem,ps3-VZ.WAD,model
0x213CF712,ch_hum_prisoner,bare,character_figures.txt,model
0x2187656F,vz_state_gurjob012_05_pristine_tinygeometry_tgr18_tgc34_0x00143c31,block-stem,ps3-VZ.WAD,model
0x21AE18E8,global_billboard04,bare,aset_model_names.json,model
0x21C430CB,vz_state_oiljob012_02_pristine_tinygeometry_tgr21_tgc34_0x00143d08,block-stem,ps3-VZ.WAD,model
0x2239BF16,vz_state_gurcon001_fortress_destroyed_tinygeometry_tgr28_tgc27_0x00143ba9,block-stem,ps3-VZ.WAD,model
0x22407953,vz_state_pirjob007_b_pristine_tinygeometry_tgr32_tgc27_0x00143d50,block-stem,ps3-VZ.WAD,model
0x225FBC76,vz_state_chicon006_b_pristine_tinygeometry_tgr08_tgc14_0x00143ac2,block-stem,ps3-VZ.WAD,model
0x22908D08,vzoutpost_bld_barrackreinforcedabandoned,bare,aset_model_names.json,model
0x23829791,vz_state_chijob001_01_staging_tinygeometry_tgr20_tgc10_0x00143ad8,block-stem,ps3-VZ.WAD,model
0x23A1501B,global_billboard03,bare,aset_model_names.json,model
0x23D48A32,vz_state_chicon002_depot_destroyed_tinygeometry_tgr27_tgc29_0x00143a9f,block-stem,ps3-VZ.WAD,model
0x24F09D98,vz_state_gurjob008_02_defenses_tinygeometry_tgr10_tgc25_0x00143c15,block-stem,ps3-VZ.WAD,model
0x2505EFE3,vz_state_alljob001_02_pristine_tinygeometry_tgr30_tgc17_0x001439c8,block-stem,ps3-VZ.WAD,model
0x258A0C43,vz_state_alljob001_04_pristine_tinygeometry_tgr20_tgc12_0x001439de,block-stem,ps3-VZ.WAD,model
0x25D3D810,vz_state_gurjob011_06_destroyed_tinygeometry_tgr08_tgc23_0x00143c25,block-stem,ps3-VZ.WAD,model
0x25FEA42C,vz_state_chijob006_d_pristine_tinygeometry_tgr30_tgc23_0x00143b6b,block-stem,ps3-VZ.WAD,model
0x2620C892,vz_state_gurcon005_airportdefbase_staging_tinygeometry_tgr26_tgc36_0x00143bc6,block-stem,ps3-VZ.WAD,model
0x263A1B20,police_hum_officer_b,bare,character_figures.txt,model
0x264EA240,vz_state_oiljob008_c_destroyed_tinygeometry_tgr23_tgc33_0x00143cd4,block-stem,ps3-VZ.WAD,model
0x26817EF5,vz_state_alljob001_03_staging2_tinygeometry_tgr30_tgc15_0x001439d1,block-stem,ps3-VZ.WAD,model
0x2714AFB1,vz_state_pirjob007_a_destroyed_tinygeometry_tgr32_tgc27_0x00143d4a,block-stem,ps3-VZ.WAD,model
0x271863F6,vz_state_pirjob012_01_pristine_tinygeometry_tgr09_tgc13_0x00143d62,block-stem,ps3-VZ.WAD,model
0x274E48B5,loading_base,block-stem,Mercenaries 2 Preview X360 (Jul 11 2008).iso,layer
0x280BD2C6,vz_state_pirjob012_06_pristine_tinygeometry_tgr14_tgc23_0x00143d7a,block-stem,ps3-VZ.WAD,model
0x2A096CB2,vz_state_pirjob002_02_staging_tinygeometry_tgr34_tgc25_0x00143d39,block-stem,ps3-VZ.WAD,model
0x2A66B1FF,vz_state_chijob010_03_staging_tinygeometry_tgr25_tgc20_0x00143b89,block-stem,ps3-VZ.WAD,model
0x2AEA6DA9,vz_state_pirjob012_07_staging_tinygeometry_tgr18_tgc27_0x00143d7f,block-stem,ps3-VZ.WAD,model
0x2BE9901D,vz_state_alljob001_04_staging_tinygeometry_tgr21_tgc13_0x001439e1,block-stem,ps3-VZ.WAD,model
0x2DA5197F,oc_hum_boardmember,bare,character_figures.txt,model
0x2EA285A9,vz_state_oiljob012_01_pristine_tinygeometry_tgr22_tgc35_0x00143d05,block-stem,ps3-VZ.WAD,model
0x2F26B506,vz_state_chicon006_c_pristine_tinygeometry_tgr12_tgc09_0x00143ac4,block-stem,ps3-VZ.WAD,model
0x2FD62EAE,vz_state_chijob006_e_pristine_tinygeometry_tgr35_tgc32_0x00143b71,block-stem,ps3-VZ.WAD,model
0x302CDA8E,vz_state_pirjob007_a_pristine_tinygeometry_tgr32_tgc27_0x00143d4c,block-stem,ps3-VZ.WAD,model
0x30705573,fonts_enext_f0,block-stem,Mercenaries 2 Preview X360 (Jul 11 2008).iso,texture
0x31227B4A,vz_state_chijob006_c_pristine_tinygeometry_tgr32_tgc22_0x00143b5e,block-stem,ps3-VZ.WAD,model
0x321F1740,vz_state_mer_oilrig_pristine_tg_tinygeometry_tgr17_tgc31_0x001440bd,block-stem,ps3-VZ.WAD,model
0x32448696,vz_state_mar_industrial_pristine_tinygeometry_tgr22_tgc28_0x00143c85,block-stem,ps3-VZ.WAD,model
0x3258FB43,island_wallstraight,bare,aset_model_names.json,model
0x32DB0392,vz_state_alljob001_04_captured_tinygeometry_tgr21_tgc13_0x001439d6,block-stem,ps3-VZ.WAD,model
0x33901B79,vz_state_alljob009_03_pristine_tinygeometry_tgr19_tgc15_0x00143a25,block-stem,ps3-VZ.WAD,model
0x3429B932,vz_state_pircon004_pristine_proutassets_tinygeometry_tgr15_tgc27_0x00143d2b,block-stem,ps3-VZ.WAD,model
0x358B787D,vz_state_gua_upperclass_pristine_tinygeometry_tgr09_tgc21_0x00144060,block-stem,ps3-VZ.WAD,model
0x367A8AE4,ocoutpost_guardtower,bare,aset_model_names.json,model
0x37A3C0BE,vz_state_chicon006_a_pristine_tinygeometry_tgr15_tgc12_0x00143abd,block-stem,ps3-VZ.WAD,model
0x37DFE541,vz_state_chijob001_03_pristine_tinygeometry_tgr22_tgc03_0x00143ae2,block-stem,ps3-VZ.WAD,model
0x37E6ABA1,vz_state_mer_commercialpristine_tinygeometry_tgr12_tgc28_0x00143c96,block-stem,ps3-VZ.WAD,model
0x38F8A093,vz_state_chijob010_04_pristine_tinygeometry_tgr16_tgc21_0x00143b8d,block-stem,ps3-VZ.WAD,model
0x3951AF9B,vz_state_alljob001_03_captured_tinygeometry_tgr30_tgc15_0x001439cc,block-stem,ps3-VZ.WAD,model
0x3AA0B44A,vz_state_alljob005_02_staging_tinygeometry_tgr24_tgc07_0x00143a01,block-stem,ps3-VZ.WAD,model
0x3B2071E3,vz_state_chijob002_01_pristine_tinygeometry_tgr09_tgc19_0x00143af4,block-stem,ps3-VZ.WAD,model
0x3B83929D,vz_state_pmccon003_solbunkerbase_tinygeometry_tgr09_tgc06_0x00143da0,block-stem,ps3-VZ.WAD,model
0x3B877F58,vz_state_oilcon002_airportdefbase_tinygeometry_tgr27_tgc36_0x00143cae,block-stem,ps3-VZ.WAD,model
0x3BD2A4F8,global_watertowera,bare,aset_model_names.json,model
0x3C4DE12C,vz_state_alljob005_05_destroyed_tinygeometry_tgr19_tgc08_0x00143a18,block-stem,ps3-VZ.WAD,model
0x3C63B9CE,vz_state_alljob002_05_pristine_tinygeometry_tgr04_tgc14_0x001439f2,block-stem,ps3-VZ.WAD,model
0x3C9A2C16,vz_state_pirjob012_03_pristine_tinygeometry_tgr11_tgc12_0x00143d6b,block-stem,ps3-VZ.WAD,model
0x3D140212,vz_state_mar_industrial_pristine_tinygeometry_tgr20_tgc27_0x00143c82,block-stem,ps3-VZ.WAD,model
0x3D205B4B,vz_state_chijob006_d_defenses_tinygeometry_tgr30_tgc23_0x00143b62,block-stem,ps3-VZ.WAD,model
0x3D538BE5,vz_state_pirjob007_e_destroyed_tinygeometry_tgr32_tgc27_0x00143d56,block-stem,ps3-VZ.WAD,model
0x3E9DE4ED,vz_state_pirjob012_04_staging_tinygeometry_tgr16_tgc18_0x00143d71,block-stem,ps3-VZ.WAD,model
0x3F1A238D,gr_hum_elite,bare,character_figures.txt,model
0x40592322,vz_state_pirjob007_e_pristine_tinygeometry_tgr32_tgc27_0x00143d58,block-stem,ps3-VZ.WAD,model
0x40D81BFB,vz_state_gua_upperclass_pristine_tinygeometry_tgr06_tgc16_0x00144061,block-stem,ps3-VZ.WAD,model
0x428CC41D,vz_state_pirjob012_02_pristine_tinygeometry_tgr14_tgc17_0x00143d66,block-stem,ps3-VZ.WAD,model
0x44142C14,fonts_ru_f0,block-stem,Mercenaries 2 Preview X360 (Jul 11 2008).iso,texture
0x44662639,vz_state_alljob010_03_pristine_tinygeometry_tgr21_tgc09_0x00143a3b,block-stem,ps3-VZ.WAD,model
0x44A168BF,vz_state_chijob005_e_destroyed_tinygeometry_tgr23_tgc15_0x00143b2e,block-stem,ps3-VZ.WAD,model
0x452BD89E,vz_state_alljob005_02_destroyed_tinygeometry_tgr22_tgc08_0x001439ff,block-stem,ps3-VZ.WAD,model
0x459F78B1,pr_hum_worker,bare,character_figures.txt,model
0x462BDE3A,vz_state_oiljob008_m_pristine_tinygeometry_tgr32_tgc33_0x00143cf1,block-stem,ps3-VZ.WAD,model
0x4659F1E5,vz_state_alljob001_04_pristine_tinygeometry_tgr20_tgc13_0x001439dd,block-stem,ps3-VZ.WAD,model
0x4738CB7B,vz_state_gurjob002_03_pristine_tinygeometry_tgr06_tgc26_0x00143be3,block-stem,ps3-VZ.WAD,model
0x484CFCBC,vz_state_gurjob002_02_pristine_tinygeometry_tgr06_tgc30_0x00143fd7,block-stem,ps3-VZ.WAD,model
0x4929A1CD,vz_state_oilcon002_airportdefbase_tinygeometry_tgr26_tgc35_0x00143caf,block-stem,ps3-VZ.WAD,model
0x493F0ABD,vz_state_pirjob007_g_destroyed_tinygeometry_tgr32_tgc28_0x00143d5e,block-stem,ps3-VZ.WAD,model
0x496A0EF4,vz_state_oiljob008_e_pristine_tinygeometry_tgr05_tgc20_0x00143cdc,block-stem,ps3-VZ.WAD,model
0x49C5852A,vz_state_gurcon001_fortress_destroyed_tinygeometry_tgr30_tgc27_0x00143ba4,block-stem,ps3-VZ.WAD,model
0x4A54E5B5,vz_state_chijob010_02_staging_tinygeometry_tgr23_tgc20_0x00143b84,block-stem,ps3-VZ.WAD,model
0x4AC80F5A,vz_state_chijob006_a_destroyed_tinygeometry_tgr33_tgc32_0x00143b47,block-stem,ps3-VZ.WAD,model
0x4ACCCBA6,vz_state_alljob010_05_pristine_tinygeometry_tgr16_tgc06_0x00143a49,block-stem,ps3-VZ.WAD,model
0x4ADBEC5B,vz_state_chijob006_c_pristine_tinygeometry_tgr31_tgc21_0x00143b5d,block-stem,ps3-VZ.WAD,model
0x4B0772DD,global_satellitedishc,bare,aset_model_names.json,model
0x4B90E28B,vz_state_gurcon005_junglebase_tinygeometry_tgr12_tgc24_0x00144e03,block-stem,ps3-VZ.WAD,model
0x4C2941CF,vz_state_chijob005_e_pristine_tinygeometry_tgr23_tgc15_0x00143b31,block-stem,ps3-VZ.WAD,model
0x4C9B956A,vz_state_pirjob007_b_destroyed_tinygeometry_tgr32_tgc27_0x00143d4e,block-stem,ps3-VZ.WAD,model
0x4D3014E1,vz_state_gurcon001_fortress_destroyed_tinygeometry_tgr30_tgc28_0x00143ba6,block-stem,ps3-VZ.WAD,model
0x4D46E16F,vz_state_chicon005_a_pristine_tinygeometry_tgr13_tgc14_0x00143ab0,block-stem,ps3-VZ.WAD,model
0x4DAA7F50,vz_state_pirjob012_02_staging_tinygeometry_tgr15_tgc17_0x00143d69,block-stem,ps3-VZ.WAD,model
0x4E656722,al_hum_worker,bare,aset_model_names.json,model
0x5054D816,vz_state_gurcon005_airportdefbase_tinygeometry_tgr27_tgc36_0x00143bc3,block-stem,ps3-VZ.WAD,model
0x50A448E1,vz_state_gurcon001_fortress_destroyed_tinygeometry_tgr29_tgc27_0x00143ba5,block-stem,ps3-VZ.WAD,model
0x511054E8,vz_state_chicon002_depot_destroyed_tinygeometry_tgr28_tgc29_0x00143a9e,block-stem,ps3-VZ.WAD,model
0x5111F8CA,gr_veh_truck_m35,bare,vehicle_models.txt,model
0x51B1A004,vz_state_chicon006_c_pristine_tinygeometry_tgr13_tgc09_0x00143ac9,block-stem,ps3-VZ.WAD,model
0x5211FBF5,vz_state_alljob010_04_staging_tinygeometry_tgr17_tgc10_0x00143a44,block-stem,ps3-VZ.WAD,model
0x52735000,vz_state_pirjob007_f_destroyed_tinygeometry_tgr32_tgc28_0x00143d5a,block-stem,ps3-VZ.WAD,model
0x52D00043,vz_state_pmccon003_solbunkerbase_tinygeometry_tgr06_tgc04_0x00143da1,block-stem,ps3-VZ.WAD,model
0x536A5B09,vz_state_oiljob012_05_pristine_tinygeometry_tgr17_tgc34_0x00143d15,block-stem,ps3-VZ.WAD,model
0x53FE4071,vz_state_alljob010_05_pristine_tinygeometry_tgr16_tgc07_0x00143a4a,block-stem,ps3-VZ.WAD,model
0x5485B801,vz_state_gurjob011_04_destroyed_tinygeometry_tgr13_tgc22_0x00143c21,block-stem,ps3-VZ.WAD,model
0x54B0D5FA,vz_state_alljob009_05_defenses_tinygeometry_tgr18_tgc15_0x00143a2d,block-stem,ps3-VZ.WAD,model
0x54BE44C0,vz_state_pirjob007_c_pristine_tinygeometry_tgr32_tgc27_0x00143d54,block-stem,ps3-VZ.WAD,model
0x55A447C5,vz_state_gurcon005_airportdefbase_staging_tinygeometry_tgr26_tgc35_0x00143bc8,block-stem,ps3-VZ.WAD,model
0x5631F4BB,vz_state_chijob001_03_pristine_tinygeometry_tgr23_tgc03_0x00143ae3,block-stem,ps3-VZ.WAD,model
0x569B86FF,vz_state_alljob001_03_staging2_tinygeometry_tgr30_tgc14_0x001439d0,block-stem,ps3-VZ.WAD,model
0x57250F97,vz_state_mer_commercialpristine_tinygeometry_tgr12_tgc30_0x00143c91,block-stem,ps3-VZ.WAD,model
0x578C91B9,vz_state_oiljob008_k_pristine_tinygeometry_tgr32_tgc34_0x00143ce8,block-stem,ps3-VZ.WAD,model
0x5798B380,vz_state_gurcon005_airportdefbase_staging_tinygeometry_tgr27_tgc36_0x00143bc7,block-stem,ps3-VZ.WAD,model
0x5964C25A,vz_state_mar_industrial_pristine_tinygeometry_tgr21_tgc27_0x00143c81,block-stem,ps3-VZ.WAD,model
0x59853769,vz_state_gurjob002_01_pristine_tinygeometry_tgr08_tgc30_0x00143bd1,block-stem,ps3-VZ.WAD,model
0x5A5013DB,vz_state_oiljob008_a_pristine_tinygeometry_tgr28_tgc33_0x00143ccd,block-stem,ps3-VZ.WAD,model
0x5A795E3E,vz_state_chijob002_03_staging_tinygeometry_tgr07_tgc12_0x00143b02,block-stem,ps3-VZ.WAD,model
0x5AB8ADA1,vz_state_chijob001_01_pristine_tinygeometry_tgr20_tgc10_0x00143ad5,block-stem,ps3-VZ.WAD,model
0x5B7F72DD,vz_state_chijob002_03_pristine_tinygeometry_tgr06_tgc12_0x00143afd,block-stem,ps3-VZ.WAD,model
0x5B9CC6F1,vz_state_alljob005_04_staging_tinygeometry_tgr13_tgc06_0x00143a12,block-stem,ps3-VZ.WAD,model
0x5BB0C28B,vz_state_oiljob012_04_pristine_tinygeometry_tgr15_tgc25_0x00143d10,block-stem,ps3-VZ.WAD,model
0x5C65F2E0,vz_state_alljob005_01_defenses_tinygeometry_tgr12_tgc07_0x001439f7,block-stem,ps3-VZ.WAD,model
0x5D96735F,vz_state_pirjob002_02_staging_tinygeometry_tgr33_tgc26_0x00143d38,block-stem,ps3-VZ.WAD,model
0x5E363219,vz_state_gurjob002_02_pristine_tinygeometry_tgr07_tgc30_0x00143fd5,block-stem,ps3-VZ.WAD,model
0x5ECADCAE,vz_state_oiljob011_01_pristine_tinygeometry_tgr30_tgc33_0x00143cf5,block-stem,ps3-VZ.WAD,model
0x5F8CD30C,vz_state_alljob005_05_defenses_tinygeometry_tgr19_tgc08_0x00143a16,block-stem,ps3-VZ.WAD,model
0x5FB2B779,vz_state_oiljob011_04_pristine_tinygeometry_tgr21_tgc32_0x00143cfd,block-stem,ps3-VZ.WAD,model
0x5FD7C588,vz_state_oiljob008_i_pristine_tinygeometry_tgr05_tgc20_0x00143ce4,block-stem,ps3-VZ.WAD,model
0x5FE4BF5D,vz_state_pirjob012_04_staging_tinygeometry_tgr20_tgc23_0x00143d72,block-stem,ps3-VZ.WAD,model
0x610556E8,global_satellitedishb,bare,aset_model_names.json,model
0x616AFC8E,vz_state_gurjob011_10_destroyed_tinygeometry_tgr09_tgc24_0x00143c2d,block-stem,ps3-VZ.WAD,model
0x61D644AB,vz_state_gurjob011_08_destroyed_tinygeometry_tgr11_tgc22_0x00143c29,block-stem,ps3-VZ.WAD,model
0x61DE7202,vz_state_pirjob002_03_staging_tinygeometry_tgr26_tgc23_0x00143d44,block-stem,ps3-VZ.WAD,model
0x6244D2CB,vz_state_oiljob012_02_pristine_tinygeometry_tgr21_tgc33_0x00143d09,block-stem,ps3-VZ.WAD,model
0x62D6CCCF,vz_state_chicon006_a_pristine_tinygeometry_tgr15_tgc13_0x00143abf,block-stem,ps3-VZ.WAD,model
0x62F45A3E,vz_state_oiljob008_g_pristine_tinygeometry_tgr05_tgc19_0x00143ce0,block-stem,ps3-VZ.WAD,model
0x639C4A24,vz_state_alljob010_04_pristine_tinygeometry_tgr17_tgc08_0x00143a41,block-stem,ps3-VZ.WAD,model
0x63BA806A,vz_state_chijob006_c_destroyed_tinygeometry_tgr31_tgc21_0x00143b58,block-stem,ps3-VZ.WAD,model
0x643EF5DC,vz_state_chijob001_01_staging_tinygeometry_tgr20_tgc09_0x00143ad7,block-stem,ps3-VZ.WAD,model
0x6599888D,oc_hum_mercenary_a,bare,character_figures.txt,model
0x66651571,vz_state_mar_industrial_pristine_tinygeometry_tgr22_tgc27_0x00143c83,block-stem,ps3-VZ.WAD,model
0x678B78A8,vz_state_gurjob011_03_destroyed_tinygeometry_tgr13_tgc22_0x00143c1f,block-stem,ps3-VZ.WAD,model
0x67BB28DC,vz_state_gurjob008_01_pristine_tinygeometry_tgr08_tgc32_0x00143c0e,block-stem,ps3-VZ.WAD,model
0x69175916,vz_state_chijob005_f_pristine_tinygeometry_tgr26_tgc10_0x00143b39,block-stem,ps3-VZ.WAD,model
0x69E5EB7F,vz_state_alljob005_02_staging_tinygeometry_tgr23_tgc09_0x00143a03,block-stem,ps3-VZ.WAD,model
0x6A6A5431,vz_state_oiljob012_04_pristine_tinygeometry_tgr16_tgc25_0x00143d13,block-stem,ps3-VZ.WAD,model
0x6A75BF25,vz_state_gur_fuel_junglemountains_tinygeometry_tgr06_tgc23_0x00144dfe,block-stem,ps3-VZ.WAD,model
0x6B352E11,global_money_fxmodel,bare,aset_model_names.json,model
0x6B3A45A6,merida_bld_pmcautoshop,bare,aset_model_names.json,model
0x6B790863,vzoutpost_walla_al,bare,aset_model_names.json,model
0x6BA9C5E1,vz_state_chicon006_c_pristine_tinygeometry_tgr12_tgc08_0x00143ac8,block-stem,ps3-VZ.WAD,model
0x6C452A83,vz_state_gurjob002_03_pristine_tinygeometry_tgr07_tgc25_0x00143be5,block-stem,ps3-VZ.WAD,model
0x6CD0A86A,vz_state_solbunkerbase_pmccon004_tinygeometry_tgr08_tgc05_0x00143dbc,block-stem,ps3-VZ.WAD,model
0x6CFBB185,vz_state_chijob005_b_destroyed_tinygeometry_tgr22_tgc16_0x00143b13,block-stem,ps3-VZ.WAD,model
0x6D9CB0CB,vz_state_mer_commercialpristine_tinygeometry_tgr13_tgc28_0x00143c97,block-stem,ps3-VZ.WAD,model
0x6DBA2299,vz_state_oil_fuel_maroutskirts_tinygeometry_tgr15_tgc35_0x00143ca6,block-stem,ps3-VZ.WAD,model
0x6F7E7767,vz_state_chicon005_c_pristine_tinygeometry_tgr14_tgc09_0x00143ab9,block-stem,ps3-VZ.WAD,model
0x6FF480E8,oilrig_fueltanklargea,bare,aset_model_names.json,model
0x7017A92B,vz_state_chijob001_04_staging_tinygeometry_tgr22_tgc04_0x00143aec,block-stem,ps3-VZ.WAD,model
0x703179EC,vz_state_gurjob007_01_destroyed_tinygeometry_tgr13_tgc29_0x00143c01,block-stem,ps3-VZ.WAD,model
0x7049464E,vz_state_chijob001_02_captured_tinygeometry_tgr24_tgc10_0x00143ada,block-stem,ps3-VZ.WAD,model
0x70564D68,vz_state_chicon002_bridge_destroyed_tinygeometry_tgr23_tgc30_0x00143a99,block-stem,ps3-VZ.WAD,model
0x70A1128B,vz_state_chijob005_g_defenses_tinygeometry_tgr27_tgc12_0x00143b3e,block-stem,ps3-VZ.WAD,model
0x70B2C216,vz_state_oiljob011_05_pristine_tinygeometry_tgr29_tgc36_0x00143d01,block-stem,ps3-VZ.WAD,model
0x70EA93D9,vz_state_solbunkerbase_pmccon004_tinygeometry_tgr09_tgc04_0x00143dbd,block-stem,ps3-VZ.WAD,model
0x7198FFAC,vz_state_mar_industrial_pristine_tinygeometry_tgr23_tgc28_0x00143c84,block-stem,ps3-VZ.WAD,model
0x7206FF19,vz_state_alljob002_02_pristine_tinygeometry_tgr09_tgc19_0x001439ea,block-stem,ps3-VZ.WAD,model
0x72359178,vz_state_alljob010_01_staging_tinygeometry_tgr24_tgc09_0x00143a35,block-stem,ps3-VZ.WAD,model
0x7376B363,vz_state_chicon005_c_pristine_tinygeometry_tgr14_tgc11_0x00143ab8,block-stem,ps3-VZ.WAD,model
0x73B920A3,vz_state_chijob010_01_pristine_tinygeometry_tgr19_tgc19_0x00143b7d,block-stem,ps3-VZ.WAD,model
0x751C5A1F,vz_state_pirjob012_07_pristine_tinygeometry_tgr18_tgc27_0x00143d7c,block-stem,ps3-VZ.WAD,model
0x756CE06C,global_antennad,bare,aset_model_names.json,model
0x75E3A5C1,vz_state_pmccon003_solbunkerbase_tinygeometry_tgr06_tgc03_0x00143da2,block-stem,ps3-VZ.WAD,model
0x769027AD,vz_state_mer_oilrig_pristine_tg_tinygeometry_tgr17_tgc30_0x001440bb,block-stem,ps3-VZ.WAD,model
0x76F25A90,pmc_hum_jennifer,bare,character_figures.txt,facefxactor
0x78ABFB8E,vz_state_pirjob012_08_pristine_tinygeometry_tgr27_tgc20_0x00143d81,block-stem,ps3-VZ.WAD,model
0x78B5CB4F,global_billboard_roof02,bare,aset_model_names.json,model
0x78D2BB26,vz_state_chijob006_c_destroyed_tinygeometry_tgr32_tgc21_0x00143b59,block-stem,ps3-VZ.WAD,model
0x7935455C,vz_state_chijob006_e_pristine_tinygeometry_tgr35_tgc31_0x00143b72,block-stem,ps3-VZ.WAD,model
0x799C0CA2,global_env_palmtree01,bare,aset_model_names.json,model
0x7A3113D9,vz_state_gurjob002_05_pristine_tinygeometry_tgr09_tgc25_0x00143bec,block-stem,ps3-VZ.WAD,model
0x7A73BA4A,vz_state_alljob001_01_staging_tinygeometry_tgr21_tgc16_0x001439c6,block-stem,ps3-VZ.WAD,model
0x7A7F0653,vz_state_chijob010_02_staging_tinygeometry_tgr23_tgc21_0x00143b85,block-stem,ps3-VZ.WAD,model
0x7AD5C100,vz_state_pirjob012_05_staging_tinygeometry_tgr07_tgc33_0x00143d78,block-stem,ps3-VZ.WAD,model
0x7B157D65,vz_state_gurjob012_05_pristine_tinygeometry_tgr17_tgc34_0x00143c32,block-stem,ps3-VZ.WAD,model
0x7B7FB2F6,island_wallangled,bare,aset_model_names.json,model
0x7BB7B533,vz_state_alljob001_03_staging2_tinygeometry_tgr29_tgc14_0x001439d2,block-stem,ps3-VZ.WAD,model
0x7C0D8C84,pmcoutpost_wallb,bare,aset_model_names.json,model
0x7C43AB6C,vz_state_mer_commercialpristine_tinygeometry_tgr13_tgc27_0x00143c95,block-stem,ps3-VZ.WAD,model
0x7C5EB6BD,civ_hum_beachfemale_b,bare,character_figures.txt,model
0x7D16DCA4,vz_state_pirjob002_01_captured_tinygeometry_tgr32_tgc34_0x00143d2d,block-stem,ps3-VZ.WAD,model
0x7D36ECBF,vz_state_alljob001_01_pristine_tinygeometry_tgr21_tgc17_0x001439c3,block-stem,ps3-VZ.WAD,model
0x7D4B6B2C,vz_state_oiljob008_d_pristine_tinygeometry_tgr05_tgc20_0x00143cd8,block-stem,ps3-VZ.WAD,model
0x7D766FA6,island_bld_bridge01,bare,aset_model_names.json,model
0x7DD8B6AD,vz_state_alljob005_02_staging_tinygeometry_tgr23_tgc08_0x00143a02,block-stem,ps3-VZ.WAD,model
0x7EB24570,proutpost_bld_dormitory,bare,aset_model_names.json,model
0x7EE09F82,vz_state_chijob005_b_pristine_tinygeometry_tgr22_tgc16_0x00143b15,block-stem,ps3-VZ.WAD,model
0x7FACE0DA,vz_state_alljob009_02_destroyed_tinygeometry_tgr18_tgc14_0x00143a1c,block-stem,ps3-VZ.WAD,model
0x7FCAAF86,vz_state_gurjob007_03_destroyed_tinygeometry_tgr12_tgc28_0x00143c09,block-stem,ps3-VZ.WAD,model
0x803A309D,vz_state_chijob001_01_captured_tinygeometry_tgr20_tgc10_0x00143ad3,block-stem,ps3-VZ.WAD,model
0x803FFA98,margarita_hotelpool,bare,aset_model_names.json,model
0x82DD0023,vz_state_chijob002_03_pristine_tinygeometry_tgr06_tgc13_0x00143afe,block-stem,ps3-VZ.WAD,model
0x85175B4E,vz_state_pirjob012_08_staging_tinygeometry_tgr27_tgc20_0x00143d84,block-stem,ps3-VZ.WAD,model
0x853B8E68,vz_state_alljob009_03_destroyed_tinygeometry_tgr19_tgc17_0x00143a23,block-stem,ps3-VZ.WAD,model
0x8589B063,vz_state_chijob001_04_captured_tinygeometry_tgr22_tgc04_0x00143ae6,block-stem,ps3-VZ.WAD,model
0x85E190F5,vz_state_chijob006_b_defenses_tinygeometry_tgr35_tgc26_0x00143b4d,block-stem,ps3-VZ.WAD,model
0x8694F667,vz_state_alljob005_03_staging_tinygeometry_tgr25_tgc06_0x00143a0a,block-stem,ps3-VZ.WAD,model
0x871E2E91,vz_state_mer_oilrig_pristine_tg_tinygeometry_tgr18_tgc30_0x001440bc,block-stem,ps3-VZ.WAD,model
0x871E7B40,vz_state_alljob009_03_pristine_tinygeometry_tgr19_tgc17_0x00143a26,block-stem,ps3-VZ.WAD,model
0x87A5565D,vz_state_alljob009_03_defenses_tinygeometry_tgr19_tgc17_0x00143a20,block-stem,ps3-VZ.WAD,model
0x87BCE175,vz_state_pirjob002_02_captured_tinygeometry_tgr34_tgc26_0x00143d32,block-stem,ps3-VZ.WAD,model
0x87FA342A,vz_state_oiljob012_04_pristine_tinygeometry_tgr15_tgc24_0x00143d12,block-stem,ps3-VZ.WAD,model
0x880C44AE,vz_state_alljob001_01_captured_tinygeometry_tgr21_tgc17_0x001439c0,block-stem,ps3-VZ.WAD,model
0x881BDBDF,vz_state_alljob010_05_staging_tinygeometry_tgr17_tgc06_0x00143a4d,block-stem,ps3-VZ.WAD,model
0x8836E71C,vz_state_oiljob012_04_pristine_tinygeometry_tgr16_tgc24_0x00143d11,block-stem,ps3-VZ.WAD,model
0x89A8AC72,global_billboard06,bare,aset_model_names.json,model
0x89FB7DC8,city_bld_storefrontb,bare,aset_model_names.json,model
0x8AB7558A,island_wallcorner,bare,aset_model_names.json,model
0x8B114E55,vz_state_pirjob002_03_staging_tinygeometry_tgr27_tgc24_0x00143d45,block-stem,ps3-VZ.WAD,model
0x8BEBA758,vz_state_alljob010_04_pristine_tinygeometry_tgr17_tgc10_0x00143a40,block-stem,ps3-VZ.WAD,model
0x8C531806,vz_state_chijob001_01_captured_tinygeometry_tgr20_tgc09_0x00143ad2,block-stem,ps3-VZ.WAD,model
0x8C8916E9,vz_state_gurjob011_05_destroyed_tinygeometry_tgr12_tgc22_0x00143c23,block-stem,ps3-VZ.WAD,model
0x8CDCFB3A,vz_state_oiljob008_b_pristine_tinygeometry_tgr26_tgc31_0x00143cd1,block-stem,ps3-VZ.WAD,model
0x8D14759C,vz_state_chijob002_02_pristine_tinygeometry_tgr05_tgc07_0x00143afa,block-stem,ps3-VZ.WAD,model
0x8D20B2B6,vz_state_alljob001_04_captured_tinygeometry_tgr20_tgc13_0x001439d5,block-stem,ps3-VZ.WAD,model
0x8DCDCBF9,vz_state_alljob005_04_destroyed_tinygeometry_tgr13_tgc05_0x00143a0f,block-stem,ps3-VZ.WAD,model
0x8E3345D0,global_billboard_wall03,bare,aset_model_names.json,model
0x8F7192B8,aloutpost_bld_largetent,bare,aset_model_names.json,model
0x8F8EF3CB,vz_state_gurjob002_05_pristine_tinygeometry_tgr08_tgc25_0x00143beb,block-stem,ps3-VZ.WAD,model
0x8FF13D3D,vz_state_chijob010_04_pristine_tinygeometry_tgr16_tgc22_0x00143b8c,block-stem,ps3-VZ.WAD,model
0x90267D03,global_billboard_wall04,bare,aset_model_names.json,model
0x907FC821,vz_state_pirjob002_02_captured_tinygeometry_tgr33_tgc26_0x00143d33,block-stem,ps3-VZ.WAD,model
0x9102FBE0,vz_state_gurcon001_fortress_destroyed_tinygeometry_tgr30_tgc26_0x00143baa,block-stem,ps3-VZ.WAD,model
0x920DEDA6,vz_state_chijob006_d_defenses_tinygeometry_tgr30_tgc22_0x00143b64,block-stem,ps3-VZ.WAD,model
0x933589FA,vz_state_mer_commercialpristine_tinygeometry_tgr12_tgc27_0x00143c94,block-stem,ps3-VZ.WAD,model
0x939D1AE9,vz_state_chijob005_f_defenses_tinygeometry_tgr26_tgc10_0x00143b35,block-stem,ps3-VZ.WAD,model
0x944FD1FB,civ_hum_beachfemale_d,bare,character_figures.txt,model
0x94BD9390,loadingscreen_overlay_standalone,block-stem,Mercenaries 2 Preview X360 (Jul 11 2008).iso,texture
0x94FBBE4B,vz_state_pirjob012_10_staging_tinygeometry_tgr35_tgc28_0x00143d8e,block-stem,ps3-VZ.WAD,model
0x9520B44C,vz_state_chijob006_b_pristine_tinygeometry_tgr36_tgc26_0x00143b54,block-stem,ps3-VZ.WAD,model
0x95718FFA,global_antennab,bare,aset_model_names.json,model
0x96218D77,vzoutpost_bld_barracktent_pr,bare,aset_model_names.json,model
0x964145CD,vzoutpost_bld_barrackreinforced_pr,bare,aset_model_names.json,model
0x96BDFB50,oilrig_bld_helipadsmalla,bare,aset_model_names.json,model
0x97E88490,vz_state_chijob002_05_pristine_tinygeometry_tgr07_tgc22_0x00143b06,block-stem,ps3-VZ.WAD,model
0x98AAC0D3,vz_state_chijob005_a_defenses_tinygeometry_tgr27_tgc17_0x00143b09,block-stem,ps3-VZ.WAD,model
0x98B257C4,vz_state_chijob009_a_pristine_tg_tinygeometry_tgr34_tgc17_0x001440b6,block-stem,ps3-VZ.WAD,model
0x99A75DEC,vz_state_alljob010_05_pristine_tinygeometry_tgr17_tgc06_0x00143a48,block-stem,ps3-VZ.WAD,model
0x9A14550E,vz_state_alljob010_04_staging_tinygeometry_tgr17_tgc09_0x00143a45,block-stem,ps3-VZ.WAD,model
0x9A3D0997,vz_state_alljob001_04_defenses_tinygeometry_tgr20_tgc13_0x001439d9,block-stem,ps3-VZ.WAD,model
0x9AD55A8E,vz_state_oiljob008_b_pristine_tinygeometry_tgr27_tgc31_0x00143cd2,block-stem,ps3-VZ.WAD,model
0x9B0A9C8A,vz_state_chijob005_g_destroyed_tinygeometry_tgr27_tgc11_0x00143b40,block-stem,ps3-VZ.WAD,model
0x9B123404,vz_state_alljob010_04_staging_tinygeometry_tgr18_tgc09_0x00143a46,block-stem,ps3-VZ.WAD,model
0x9B7DB767,vz_state_chicon005_a_pristine_tinygeometry_tgr14_tgc14_0x00143ab1,block-stem,ps3-VZ.WAD,model
0x9D228B3A,vz_state_chijob005_d_pristine_tinygeometry_tgr28_tgc15_0x00143b25,block-stem,ps3-VZ.WAD,model
0x9EC4F316,vz_state_chijob002_01_staging_tinygeometry_tgr09_tgc20_0x00143af6,block-stem,ps3-VZ.WAD,model
0x9EC829EB,vz_state_gur_fuel_junglemountains_tinygeometry_tgr04_tgc28_0x00144dfd,block-stem,ps3-VZ.WAD,model
0x9F52B304,vz_state_oiljob008_l_pristine_tinygeometry_tgr31_tgc33_0x00143ced,block-stem,ps3-VZ.WAD,model
0x9F6161DA,vzoutpost_wallb_al,bare,aset_model_names.json,model
0x9F6F03E6,vz_state_gurcon005_junglebase_tinygeometry_tgr12_tgc25_0x00144e01,block-stem,ps3-VZ.WAD,model
0x9F769F33,vz_state_chijob005_a_pristine_tinygeometry_tgr27_tgc16_0x00143b0e,block-stem,ps3-VZ.WAD,model
0xA0189C84,island_wallend,bare,aset_model_names.json,model
0xA0DE5F82,vzoutpost_bld_barracktent_gr,bare,aset_model_names.json,model
0xA1D5685F,vz_state_pirjob002_02_pristine_tinygeometry_tgr34_tgc26_0x00143d36,block-stem,ps3-VZ.WAD,model
0xA2EB5412,maracaibo_wall20m,bare,aset_model_names.json,model
0xA36D9F1F,vzoutpost_bld_garage_oc,bare,aset_model_names.json,model
0xA3A696C9,global_billboard01,bare,aset_model_names.json,model
0xA3D2C6E4,vz_state_alljob001_04_captured_tinygeometry_tgr20_tgc12_0x001439d4,block-stem,ps3-VZ.WAD,model
0xA420B463,vz_state_chijob001_04_captured_tinygeometry_tgr21_tgc04_0x00143ae7,block-stem,ps3-VZ.WAD,model
0xA4365D70,vz_state_alljob001_04_captured_tinygeometry_tgr21_tgc12_0x001439d7,block-stem,ps3-VZ.WAD,model
0xA5991AAD,vz_state_pirjob012_05_pristine_tinygeometry_tgr06_tgc33_0x00143d75,block-stem,ps3-VZ.WAD,model
0xA63111D8,vz_state_pirjob012_10_pristine_tinygeometry_tgr35_tgc29_0x00143d8b,block-stem,ps3-VZ.WAD,model
0xA643F9E6,vz_state_chijob001_02_staging_tinygeometry_tgr25_tgc10_0x00143ae0,block-stem,ps3-VZ.WAD,model
0xA6CE39E1,vz_state_chijob006_c_pristine_tinygeometry_tgr32_tgc21_0x00143b5c,block-stem,ps3-VZ.WAD,model
0xA70CED41,vz_state_alljob010_01_staging_tinygeometry_tgr26_tgc07_0x00143a34,block-stem,ps3-VZ.WAD,model
0xA7278513,vz_state_pirjob012_07_staging_tinygeometry_tgr18_tgc28_0x00143d7e,block-stem,ps3-VZ.WAD,model
0xA73CA899,vz_state_chijob005_f_destroyed_tinygeometry_tgr26_tgc10_0x00143b37,block-stem,ps3-VZ.WAD,model
0xA79E1070,vz_state_pirjob007_g_pristine_tinygeometry_tgr32_tgc28_0x00143d60,block-stem,ps3-VZ.WAD,model
0xA88F6415,vz_state_chijob005_c_pristine_tinygeometry_tgr27_tgc10_0x00143b1d,block-stem,ps3-VZ.WAD,model
0xA8CDE165,vz_state_alljob002_01_pristine_tinygeometry_tgr12_tgc17_0x001439e6,block-stem,ps3-VZ.WAD,model
0xA9B41FD3,vz_state_pirjob002_02_staging_tinygeometry_tgr34_tgc26_0x00143d3a,block-stem,ps3-VZ.WAD,model
0xAAE99DB5,vz_state_gurjob002_04_pristine_tinygeometry_tgr06_tgc30_0x00143be7,block-stem,ps3-VZ.WAD,model
0xAB850351,vz_state_chijob005_e_defenses_tinygeometry_tgr24_tgc15_0x00143b2b,block-stem,ps3-VZ.WAD,model
0xABB92ED5,vz_state_alljob010_01_staging_tinygeometry_tgr24_tgc08_0x00143a33,block-stem,ps3-VZ.WAD,model
0xAC079C4A,city_bld_storefrontcornere,bare,aset_model_names.json,model
0xAC25BEB7,vz_state_chijob005_g_pristine_tinygeometry_tgr27_tgc11_0x00143b42,block-stem,ps3-VZ.WAD,model
0xAC7EB30B,vz_state_mar_industrial_pristine_tinygeometry_tgr23_tgc27_0x00143c86,block-stem,ps3-VZ.WAD,model
0xAD59247F,vz_hum_captain,bare,character_figures.txt,model
0xAD5E82DB,vz_state_alljob002_01_pristine_tinygeometry_tgr11_tgc19_0x001439e7,block-stem,ps3-VZ.WAD,model
0xADB651F3,vz_state_pirjob012_10_pristine_tinygeometry_tgr35_tgc30_0x00143d8c,block-stem,ps3-VZ.WAD,model
0xADBF8ED3,vz_state_alljob009_03_defenses_tinygeometry_tgr19_tgc16_0x00143a21,block-stem,ps3-VZ.WAD,model
0xAE26118B,vz_state_alljob010_04_pristine_tinygeometry_tgr18_tgc08_0x00143a3f,block-stem,ps3-VZ.WAD,model
0xB048B1F5,vz_state_gurcon001_fortress_destroyed_tinygeometry_tgr29_tgc28_0x00143ba8,block-stem,ps3-VZ.WAD,model
0xB09C9BBD,vz_state_chijob005_d_destroyed_tinygeometry_tgr28_tgc15_0x00143b23,block-stem,ps3-VZ.WAD,model
0xB25223F5,pmcoutpost_statuediscus,block-stem,ps3-VZ.WAD,model
0xB2580C9E,vz_state_gurjob008_01_captured_tinygeometry_tgr08_tgc33_0x00143c0b,block-stem,ps3-VZ.WAD,model
0xB274B794,vz_state_chijob005_c_destroyed_tinygeometry_tgr27_tgc10_0x00143b1b,block-stem,ps3-VZ.WAD,model
0xB3054AF4,vz_state_chijob010_02_pristine_tinygeometry_tgr23_tgc20_0x00143b82,block-stem,ps3-VZ.WAD,model
0xB32D136C,vzoutpost_bld_barracktent_ch,bare,aset_model_names.json,model
0xB3E4BE4A,vz_state_gurjob008_02_staging_tinygeometry_tgr10_tgc25_0x00143c19,block-stem,ps3-VZ.WAD,model
0xB80392CB,vz_state_alljob009_01_pristine_tinygeometry_tgr18_tgc13_0x00143a1a,block-stem,ps3-VZ.WAD,model
0xB8799C72,pmc_hum_proppilot,bare,character_figures.txt,model
0xB8DA05AC,vz_state_pirjob002_01_pristine_tinygeometry_tgr32_tgc34_0x00143d2f,block-stem,ps3-VZ.WAD,model
0xB8EB1B34,vz_state_oiljob012_01_pristine_tinygeometry_tgr24_tgc35_0x00143d06,block-stem,ps3-VZ.WAD,model
0xBB266268,vz_state_gurjob008_01_captured_tinygeometry_tgr08_tgc32_0x00143c0c,block-stem,ps3-VZ.WAD,model
0xBD348131,vz_state_chijob010_01_pristine_tinygeometry_tgr19_tgc20_0x00143b7f,block-stem,ps3-VZ.WAD,model
0xBDA63F13,oc_hum_executive,bare,character_figures.txt,model
0xBE4B843A,vz_state_chijob001_04_pristine_tinygeometry_tgr21_tgc03_0x00143aea,block-stem,ps3-VZ.WAD,model
0xBEC4613C,vz_state_oiljob012_01_pristine_tinygeometry_tgr22_tgc34_0x00143d03,block-stem,ps3-VZ.WAD,model
0xBED9FC98,vz_state_pirjob012_03_staging_tinygeometry_tgr11_tgc14_0x00143d6e,block-stem,ps3-VZ.WAD,model
0xBF55C3DE,vz_state_chijob002_02_pristine_tinygeometry_tgr07_tgc08_0x00143af8,block-stem,ps3-VZ.WAD,model
0xBF83DA9E,vz_hum_carmona,bare,character_figures.txt,model
0xC02635C1,vz_state_alljob010_05_pristine_tinygeometry_tgr17_tgc07_0x00143a4b,block-stem,ps3-VZ.WAD,model
0xC034F963,vz_state_chijob002_04_pristine_tinygeometry_tgr06_tgc18_0x00143b04,block-stem,ps3-VZ.WAD,model
0xC05A62C8,vz_state_gurjob012_03_staging_tinygeometry_tgr10_tgc33_0x00144dfa,block-stem,ps3-VZ.WAD,model
0xC082B113,vz_state_chicon005_b_pristine_tinygeometry_tgr10_tgc15_0x00143ab3,block-stem,ps3-VZ.WAD,model
0xC0E01C9A,vz_state_chijob001_02_captured_tinygeometry_tgr25_tgc10_0x00143adb,block-stem,ps3-VZ.WAD,model
0xC0F901C5,vz_state_gurjob008_02_pristine_tinygeometry_tgr10_tgc25_0x00143c17,block-stem,ps3-VZ.WAD,model
0xC11B459C,vz_state_chijob002_01_pristine_tinygeometry_tgr10_tgc20_0x00143af1,block-stem,ps3-VZ.WAD,model
0xC1D650E0,vz_state_pirjob012_08_pristine_tinygeometry_tgr28_tgc20_0x00143d82,block-stem,ps3-VZ.WAD,model
0xC3A29497,vz_state_pmccon003_solbunkerbase_tinygeometry_tgr07_tgc04_0x00143d9f,block-stem,ps3-VZ.WAD,model
0xC3D31837,vz_state_chicon002_bridge_destroyed_tinygeometry_tgr23_tgc29_0x00143a98,block-stem,ps3-VZ.WAD,model
0xC47122CA,vz_state_chijob006_a_destroyed_tinygeometry_tgr33_tgc33_0x00143b48,block-stem,ps3-VZ.WAD,model
0xC51FD948,vz_state_alljob010_03_staging_tinygeometry_tgr21_tgc09_0x00143a3d,block-stem,ps3-VZ.WAD,model
0xC5CFAC9F,global_watertowerb,bare,aset_model_names.json,model
0xC62A79D3,vz_state_oiljob008_c_pristine_tinygeometry_tgr23_tgc33_0x00143cd6,block-stem,ps3-VZ.WAD,model
0xC654AE83,global_wheelchair,bare,aset_model_names.json,model
0xC792B57B,vz_state_gurjob002_02_pristine_tinygeometry_tgr06_tgc29_0x00143fd6,block-stem,ps3-VZ.WAD,model
0xC7AE94AE,vz_state_chijob009_b_pristine_tg_tinygeometry_tgr31_tgc25_0x001440b9,block-stem,ps3-VZ.WAD,model
0xC83CC993,vz_state_gurjob002_03_pristine_tinygeometry_tgr07_tgc26_0x00143be4,block-stem,ps3-VZ.WAD,model
0xC8B6CB0A,vz_state_oiljob011_05_pristine_tinygeometry_tgr29_tgc35_0x00143d00,block-stem,ps3-VZ.WAD,model
0xC96ADE44,vz_state_chijob006_b_pristine_tinygeometry_tgr35_tgc27_0x00143b52,block-stem,ps3-VZ.WAD,model
0xC9AAA74B,vz_state_oiljob008_b_destroyed_tinygeometry_tgr26_tgc31_0x00143ccf,block-stem,ps3-VZ.WAD,model
0xC9AF8390,vz_state_oiljob011_03_pristine_tinygeometry_tgr25_tgc27_0x00143cfb,block-stem,ps3-VZ.WAD,model
0xCA96B600,vz_state_oiljob012_03_staging_tinygeometry_tgr18_tgc23_0x00143d0e,block-stem,ps3-VZ.WAD,model
0xCAAB9AE1,vzoutpost_bld_barrackreinforced_oc,bare,aset_model_names.json,model
0xCAABD5E5,vz_state_chicon002_depot_pristine_tinygeometry_tgr27_tgc29_0x00143aa4,block-stem,ps3-VZ.WAD,model
0xCAFE844B,vz_state_gua_upperclass_pristine_tinygeometry_tgr05_tgc14_0x00144062,block-stem,ps3-VZ.WAD,model
0xCBE3C965,vz_state_chijob001_02_pristine_tinygeometry_tgr24_tgc10_0x00143add,block-stem,ps3-VZ.WAD,model
0xCC3ADBDD,vz_state_pirjob002_03_captured_tinygeometry_tgr26_tgc24_0x00143d3d,block-stem,ps3-VZ.WAD,model
0xCCF837F6,vz_state_chijob010_04_pristine_tinygeometry_tgr17_tgc21_0x00143b8b,block-stem,ps3-VZ.WAD,model
0xCDC35BFB,vz_state_gurjob008_01_staging_tinygeometry_tgr08_tgc33_0x00143c11,block-stem,ps3-VZ.WAD,model
0xCDD1F3B4,airport_bld_hanger01,bare,aset_model_names.json,model
0xCE0A1067,city_bld_storefrontcornerd,bare,aset_model_names.json,model
0xCE157FD3,vz_state_alljob005_03_staging_tinygeometry_tgr24_tgc06_0x00143a0b,block-stem,ps3-VZ.WAD,model
0xCE2D8E21,vz_state_gurjob002_01_staging_tinygeometry_tgr08_tgc30_0x00143bd6,block-stem,ps3-VZ.WAD,model
0xCE4B250D,vz_state_chijob005_e_defenses_tinygeometry_tgr23_tgc15_0x00143b2c,block-stem,ps3-VZ.WAD,model
0xCF5B1E5A,vz_state_oilcon002_airportdefbase_tinygeometry_tgr26_tgc36_0x00143cad,block-stem,ps3-VZ.WAD,model
0xCF81443F,vz_state_chicon002_depot_destroyed_tinygeometry_tgr28_tgc30_0x00143aa0,block-stem,ps3-VZ.WAD,model
0xCF8CF430,vz_state_gurjob007_02_destroyed_tinygeometry_tgr12_tgc29_0x00143c05,block-stem,ps3-VZ.WAD,model
0xCF929800,vzoutpost_bld_barrackreinforced_al,bare,aset_model_names.json,model
0xCFB4BB2C,vz_state_chijob001_04_captured_tinygeometry_tgr22_tgc03_0x00143ae8,block-stem,ps3-VZ.WAD,model
0xD0783BCE,vz_state_alljob010_04_staging_tinygeometry_tgr18_tgc08_0x00143a43,block-stem,ps3-VZ.WAD,model
0xD1CCD65E,vzoutpost_bld_barracktent_al,bare,aset_model_names.json,model
0xD2070758,vz_state_chijob006_d_destroyed_tinygeometry_tgr30_tgc22_0x00143b66,block-stem,ps3-VZ.WAD,model
0xD230ED1A,vz_state_chicon002_depot_pristine_tinygeometry_tgr28_tgc29_0x00143aa6,block-stem,ps3-VZ.WAD,model
0xD2ADCAB8,gr_hum_advisor,bare,character_figures.txt,facefxactor;model
0xD31504EF,vz_state_oiljob008_f_pristine_tinygeometry_tgr05_tgc20_0x00143cde,block-stem,ps3-VZ.WAD,model
0xD35F0BE7,vz_state_chicon006_a_pristine_tinygeometry_tgr14_tgc13_0x00143abe,block-stem,ps3-VZ.WAD,model
0xD38D379E,vz_state_chijob009_a_pristine_tg_tinygeometry_tgr33_tgc17_0x001440b5,block-stem,ps3-VZ.WAD,model
0xD45DBA28,vz_state_chijob002_03_pristine_tinygeometry_tgr07_tgc12_0x00143aff,block-stem,ps3-VZ.WAD,model
0xD4D26C8E,vz_state_chijob009_b_pristine_tg_tinygeometry_tgr32_tgc25_0x001440b8,block-stem,ps3-VZ.WAD,model
0xD526C9F2,vz_state_gurjob011_09_destroyed_tinygeometry_tgr11_tgc23_0x00143c2b,block-stem,ps3-VZ.WAD,model
0xD57AF0A6,vz_state_gurjob011_02_destroyed_tinygeometry_tgr14_tgc22_0x00143c1d,block-stem,ps3-VZ.WAD,model
0xD7C9213E,vz_state_chijob002_05_pristine_tinygeometry_tgr07_tgc23_0x00143b07,block-stem,ps3-VZ.WAD,model
0xD7FD861D,vz_state_chicon006_c_pristine_tinygeometry_tgr13_tgc10_0x00143ac6,block-stem,ps3-VZ.WAD,model
0xD88A3195,vz_state_oiljob012_05_pristine_tinygeometry_tgr17_tgc35_0x00143d16,block-stem,ps3-VZ.WAD,model
0xD8A3CC22,vz_state_chijob010_02_staging_tinygeometry_tgr24_tgc19_0x00143b86,block-stem,ps3-VZ.WAD,model
0xD9133966,vz_state_gur_fuel_junglemountains_tinygeometry_tgr06_tgc28_0x00144dfc,block-stem,ps3-VZ.WAD,model
0xD990B452,vz_state_chijob002_01_pristine_tinygeometry_tgr10_tgc19_0x00143af3,block-stem,ps3-VZ.WAD,model
0xDA448E7C,industrial_att_pipelargecap,bare,aset_model_names.json,model
0xDB6A9471,vz_state_alljob005_01_staging_tinygeometry_tgr12_tgc07_0x001439fb,block-stem,ps3-VZ.WAD,model
0xDBBA3EE6,vzoutpost_bld_garage_al,bare,aset_model_names.json,model
0xDC4BA249,outpost_interiorsmall,bare,aset_model_names.json,model
0xDDAE1B49,global_sandbagsstraightgr,block-stem,ps3-VZ.WAD,model
0xDE3A98BF,vz_state_alljob009_05_destroyed_tinygeometry_tgr18_tgc16_0x00143a2f,block-stem,ps3-VZ.WAD,model
0xDE91D38F,vz_state_chijob010_02_pristine_tinygeometry_tgr22_tgc21_0x00143b81,block-stem,ps3-VZ.WAD,model
0xDEB8BB20,vz_state_chijob002_02_pristine_tinygeometry_tgr06_tgc08_0x00143af9,block-stem,ps3-VZ.WAD,model
0xDED14068,vz_state_pirjob012_05_staging_tinygeometry_tgr06_tgc33_0x00143d77,block-stem,ps3-VZ.WAD,model
0xDFC8BAF3,vz_state_alljob002_02_pristine_tinygeometry_tgr09_tgc17_0x001439e9,block-stem,ps3-VZ.WAD,model
0xDFF520BB,vz_state_gurcon005_airportdefbase_tinygeometry_tgr26_tgc35_0x00143bc4,block-stem,ps3-VZ.WAD,model
0xE06AFFD3,vz_state_chijob005_e_pristine_tinygeometry_tgr24_tgc15_0x00143b30,block-stem,ps3-VZ.WAD,model
0xE11C27AB,vz_state_oiljob011_05_pristine_tinygeometry_tgr30_tgc35_0x00143cff,block-stem,ps3-VZ.WAD,model
0xE18343ED,global_billboard_bridge01,bare,aset_model_names.json,model
0xE1CDDE09,vz_state_alljob002_04_pristine_tinygeometry_tgr08_tgc16_0x001439f0,block-stem,ps3-VZ.WAD,model
0xE1D2881C,al_hum_prisoner,bare,aset_model_names.json,model
0xE227B3F6,vz_state_oiljob008_h_pristine_tinygeometry_tgr04_tgc20_0x00143ce2,block-stem,ps3-VZ.WAD,model
0xE2F04F3B,vz_state_pirjob007_c_destroyed_tinygeometry_tgr32_tgc27_0x00143d52,block-stem,ps3-VZ.WAD,model
0xE3609599,vz_state_chicon006_c_pristine_tinygeometry_tgr12_tgc10_0x00143ac5,block-stem,ps3-VZ.WAD,model
0xE367B485,vz_state_pirjob007_f_pristine_tinygeometry_tgr32_tgc28_0x00143d5c,block-stem,ps3-VZ.WAD,model
0xE3824E5A,vz_state_oiljob008_a_destroyed_tinygeometry_tgr27_tgc33_0x00143cca,block-stem,ps3-VZ.WAD,model
0xE3CD9D42,global_watertowerc,bare,aset_model_names.json,model
0xE47C2863,vz_state_chijob001_04_staging_tinygeometry_tgr22_tgc03_0x00143aef,block-stem,ps3-VZ.WAD,model
0xE4BFC5C2,vz_state_chijob006_d_pristine_tinygeometry_tgr30_tgc24_0x00143b6a,block-stem,ps3-VZ.WAD,model
0xE4CB6B3D,vz_state_chijob001_04_staging_tinygeometry_tgr21_tgc04_0x00143aed,block-stem,ps3-VZ.WAD,model
0xE5133554,industrial_bld_silowide,bare,aset_model_names.json,model
0xE66AA630,vz_state_gurcon005_airportdefbase_tinygeometry_tgr26_tgc36_0x00143bc2,block-stem,ps3-VZ.WAD,model
0xE76A9C03,vz_state_alljob001_04_defenses_tinygeometry_tgr21_tgc12_0x001439da,block-stem,ps3-VZ.WAD,model
0xE82D7E8E,vz_state_alljob001_04_staging_tinygeometry_tgr20_tgc12_0x001439e2,block-stem,ps3-VZ.WAD,model
0xE8E3CB03,vz_state_chicon002_depot_destroyed_tinygeometry_tgr27_tgc30_0x00143aa1,block-stem,ps3-VZ.WAD,model
0xE9A77D07,vz_state_alljob002_01_pristine_tinygeometry_tgr12_tgc18_0x001439e5,block-stem,ps3-VZ.WAD,model
0xE9BE1781,vz_state_chijob001_04_staging_tinygeometry_tgr21_tgc03_0x00143aee,block-stem,ps3-VZ.WAD,model
0xEA08D028,vz_state_oiljob011_03_pristine_tinygeometry_tgr25_tgc26_0x00143cf9,block-stem,ps3-VZ.WAD,model
0xEA0EE927,vz_state_pirjob012_09_pristine_tinygeometry_tgr20_tgc24_0x00143d86,block-stem,ps3-VZ.WAD,model
0xEA439135,vz_state_alljob010_05_staging_tinygeometry_tgr17_tgc07_0x00143a4e,block-stem,ps3-VZ.WAD,model
0xEB9E2A4E,vz_state_chijob006_d_destroyed_tinygeometry_tgr30_tgc23_0x00143b67,block-stem,ps3-VZ.WAD,model
0xEBC6AE03,vz_state_gurjob008_02_captured_tinygeometry_tgr10_tgc25_0x00143c13,block-stem,ps3-VZ.WAD,model
0xEBF39EE3,vz_state_pirjob002_03_staging_tinygeometry_tgr27_tgc23_0x00143d46,block-stem,ps3-VZ.WAD,model
0xECD2559F,vz_state_oiljob012_01_pristine_tinygeometry_tgr23_tgc35_0x00143d04,block-stem,ps3-VZ.WAD,model
0xECF5E250,vz_state_alljob001_04_pristine_tinygeometry_tgr21_tgc13_0x001439df,block-stem,ps3-VZ.WAD,model
0xED0F9FB9,vz_state_alljob010_02_staging_tinygeometry_tgr25_tgc06_0x00143a39,block-stem,ps3-VZ.WAD,model
0xED763489,vz_state_gurjob008_01_staging_tinygeometry_tgr08_tgc32_0x00143c10,block-stem,ps3-VZ.WAD,model
0xEEA6A877,vz_state_alljob005_04_staging_tinygeometry_tgr13_tgc05_0x00143a11,block-stem,ps3-VZ.WAD,model
0xEEB8C3A8,global_billboard_roof01,bare,aset_model_names.json,model
0xEFDF1967,vz_state_chicon002_bridge_pristine_tinygeometry_tgr23_tgc29_0x00143a9c,block-stem,ps3-VZ.WAD,model
0xF0B91D87,pmc_hum_helipilot,bare,character_figures.txt,model
0xF133747C,vz_state_chicon005_b_pristine_tinygeometry_tgr09_tgc15_0x00143ab6,block-stem,ps3-VZ.WAD,model
0xF22008A0,vz_state_chijob005_c_defenses_tinygeometry_tgr26_tgc10_0x00143b19,block-stem,ps3-VZ.WAD,model
0xF2F8FD07,vz_state_pirjob012_04_staging_tinygeometry_tgr17_tgc18_0x00143d70,block-stem,ps3-VZ.WAD,model
0xF3D468B7,vz_state_pirjob012_09_pristine_tinygeometry_tgr19_tgc23_0x00143d87,block-stem,ps3-VZ.WAD,model
0xF3FE633D,city_bld_storefrontc,bare,aset_model_names.json,model
0xF40DF88F,caracas_bridgegovernment01,bare,aset_model_names.json,model
0xF42F3B6A,vz_state_oiljob012_03_pristine_tinygeometry_tgr18_tgc23_0x00143d0b,block-stem,ps3-VZ.WAD,model
0xF488BB8A,vz_state_chijob006_a_pristine_tinygeometry_tgr33_tgc33_0x00143b4a,block-stem,ps3-VZ.WAD,model
0xF502D1A8,vz_state_alljob002_02_staging_tinygeometry_tgr08_tgc18_0x001439ec,block-stem,ps3-VZ.WAD,model
0xF540D397,vz_state_chijob010_04_staging_tinygeometry_tgr16_tgc21_0x00143b90,block-stem,ps3-VZ.WAD,model
0xF62BEDB5,vz_state_alljob009_04_destroyed_tinygeometry_tgr18_tgc15_0x00143a28,block-stem,ps3-VZ.WAD,model
0xF656B150,vz_state_chicon006_b_pristine_tinygeometry_tgr07_tgc14_0x00143ac1,block-stem,ps3-VZ.WAD,model
0xF668FF7A,al_hum_officer_a,bare,character_figures.txt,model
0xF6EB4060,vz_state_chicon005_b_pristine_tinygeometry_tgr09_tgc14_0x00143ab5,block-stem,ps3-VZ.WAD,model
0xF72CFF27,vz_state_alljob002_03_pristine_tinygeometry_tgr05_tgc23_0x001439ee,block-stem,ps3-VZ.WAD,model
0xF8157A99,global_barbequea,bare,aset_model_names.json,model
0xF885193C,vz_state_mer_commercialpristine_tinygeometry_tgr12_tgc29_0x00143c90,block-stem,ps3-VZ.WAD,model
0xF8F105A8,vz_state_alljob001_01_captured_tinygeometry_tgr21_tgc16_0x001439c1,block-stem,ps3-VZ.WAD,model
0xF9436ABA,vz_state_alljob009_05_pristine_tinygeometry_tgr18_tgc16_0x00143a31,block-stem,ps3-VZ.WAD,model
0xF9798013,vz_state_chijob005_a_destroyed_tinygeometry_tgr27_tgc16_0x00143b0b,block-stem,ps3-VZ.WAD,model
0xF9A88C65,vz_state_gur_fuel_junglemountains_tinygeometry_tgr07_tgc23_0x00144dff,block-stem,ps3-VZ.WAD,model
0xFA3668D5,vz_state_chicon005_b_pristine_tinygeometry_tgr10_tgc16_0x00143ab4,block-stem,ps3-VZ.WAD,model
0xFA572E52,civ_hum_beachfemale_a,bare,character_figures.txt,model
0xFB05E07D,vz_state_oiljob008_a_pristine_tinygeometry_tgr27_tgc33_0x00143ccc,block-stem,ps3-VZ.WAD,model
0xFC0C6D32,vz_state_chijob006_a_pristine_tinygeometry_tgr33_tgc32_0x00143b4b,block-stem,ps3-VZ.WAD,model
0xFCA2F508,vz_state_solbunkerbase_pmccon004_tinygeometry_tgr09_tgc05_0x00143dbb,block-stem,ps3-VZ.WAD,model
0xFD330634,vz_state_alljob010_02_pristine_tinygeometry_tgr26_tgc07_0x00143a37,block-stem,ps3-VZ.WAD,model
0xFD7357AE,vz_state_alljob001_03_pristine_tinygeometry_tgr29_tgc14_0x001439ce,block-stem,ps3-VZ.WAD,model
0xFDC4FEC0,vz_state_chijob006_d_destroyed_tinygeometry_tgr30_tgc24_0x00143b68,block-stem,ps3-VZ.WAD,model
0xFDECBC9A,vzoutpost_wallb,bare,aset_model_names.json,model
0xFDF5A121,vzoutpost_bld_pillboxabandoned,bare,aset_model_names.json,model
0xFDF6E3BA,vz_state_gurjob011_07_destroyed_tinygeometry_tgr10_tgc23_0x00143c27,block-stem,ps3-VZ.WAD,model
0xFE780672,vz_state_chijob010_03_staging_tinygeometry_tgr25_tgc19_0x00143b88,block-stem,ps3-VZ.WAD,model
0xFE9456DB,vz_state_pirjob002_03_pristine_tinygeometry_tgr26_tgc24_0x00143d41,block-stem,ps3-VZ.WAD,model
0xFF7ABB3B,jungle_env_largecanopy01,bare,aset_model_names.json,model
0xFF8BDCB7,vz_state_alljob009_04_pristine_tinygeometry_tgr18_tgc15_0x00143a2a,block-stem,ps3-VZ.WAD,model
0xFFAFF347,shell_base,block-stem,Mercenaries 2 Preview X360 (Jul 11 2008).iso,layer
0xFFB6137C,vz_state_pirjob002_03_staging_tinygeometry_tgr26_tgc24_0x00143d43,block-stem,ps3-VZ.WAD,model
