model,group,range_count,slots,bones,verts,tris,state_mask
0x01ED3D6F,0,4,45,43,214,197,0x08
0x01ED3D6F,1,1,10,10,126,152,0x08
0x01ED3D6F,2,1,4,3,86,133,0x08
0x01ED3D6F,3,1,4,3,86,128,0x08
0x01ED3D6F,4,1,4,3,60,98,0x08
0x01ED3D6F,5,1,4,3,89,126,0x08
0x01ED3D6F,6,1,4,3,74,104,0x08
0x01ED3D6F,7,1,4,3,60,98,0x08
0x01ED3D6F,8,1,1,1,42,33,0x08
0x01ED3D6F,9,1,12,4,18,12,0x08
jungle_env_treesmall01,9,1,4,4,139,135,0x04
jungle_env_treesmall01,11,1,2,2,60,30,0x07
jungle_env_treesmall01,12,1,4,2,28,14,0x07
jungle_env_treesmall01,13,1,4,4,48,24,0x07
jungle_env_treesmall01,14,1,4,3,56,26,0x07
jungle_env_treesmall01,15,1,4,4,68,34,0x07
jungle_env_treesmall01,16,1,4,3,56,28,0x07
jungle_env_treesmall01,17,1,4,3,36,18,0x07
jungle_env_treesmall01,18,1,4,3,56,28,0x07
jungle_env_treesmall03,9,1,3,3,379,334,0x04
jungle_env_treesmall03,11,1,3,2,20,10,0x07
jungle_env_treesmall03,12,1,3,2,20,10,0x07
jungle_env_treesmall03,13,1,2,2,20,10,0x07
jungle_env_treesmall03,14,1,3,2,24,12,0x07
jungle_env_treesmall03,15,1,3,2,12,6,0x07
jungle_env_treesmall03,16,1,2,2,20,10,0x07
jungle_env_treesmall03,17,1,3,2,20,10,0x07
jungle_env_treesmall03,18,1,2,2,20,10,0x07
jungle_env_treesmall03,19,1,3,3,16,8,0x07
jungle_env_treesmall03,20,1,2,2,20,10,0x07
jungle_env_treesmall03,21,1,2,2,20,10,0x07
jungle_env_treesmall03,22,1,3,2,20,10,0x07
jungle_env_treesmall03,23,1,2,2,20,10,0x07
jungle_env_treesmall03,24,1,3,3,24,12,0x07
jungle_env_treesmall03,25,1,2,2,20,10,0x07
jungle_env_treesmall03,26,1,2,2,24,12,0x07
jungle_env_treesmall03,27,1,1,1,12,6,0x07
jungle_env_treesmall03,28,1,2,2,20,10,0x07
jungle_env_treesmall03,29,1,2,2,32,16,0x07
jungle_env_treesmall03,30,1,2,2,20,10,0x07
jungle_env_treesmall03,31,1,3,2,24,12,0x07
jungle_env_treesmall03,32,1,3,2,20,10,0x07
jungle_env_treesmall03,33,1,3,2,20,10,0x07
jungle_env_treesmall03,34,1,3,2,32,16,0x07
global_env_palmtreebend02,10,1,2,2,62,72,0x04
global_env_palmtreebend02,11,1,5,2,20,16,0x04
global_env_palmtreebend02,12,1,1,1,32,38,0x04
global_env_palmtreebend02,13,1,1,1,22,20,0x04
global_env_palmtreebend02,14,1,1,1,32,36,0x04
global_env_palmtreebend02,15,1,1,1,34,36,0x04
global_env_palmtreebend02,16,1,1,1,28,30,0x04
global_env_palmtreebend02,17,1,1,1,26,24,0x04
global_env_palmtreebend02,18,1,4,2,18,14,0x04
global_env_palmtreebend02,19,1,1,1,32,32,0x04
global_env_palmtreebend02,20,1,1,1,28,26,0x04
global_env_palmtreebend02,21,1,1,1,26,28,0x04
global_env_palmtreebend02,22,1,2,2,20,16,0x04
global_env_palmtreebend02,23,1,1,1,28,32,0x04
global_env_palmtreebend02,24,1,1,1,28,26,0x04
global_env_palmtreebend02,25,1,1,1,30,28,0x04
global_env_palmtreebend02,26,1,1,1,34,38,0x04
global_env_palmtreebend02,27,1,1,1,28,30,0x04
global_env_palmtreebend02,28,1,1,1,38,42,0x04
global_env_palmtreebend02,29,1,1,1,14,13,0x04
global_env_palmtreebend02,30,1,1,1,26,24,0x04
global_env_palmtreebend02,31,1,1,1,5,4,0x07
0x055E9085,0,4,45,44,248,214,0x08
0x055E9085,1,1,10,10,130,127,0x08
0x055E9085,2,1,4,3,100,160,0x08
0x055E9085,3,1,1,1,42,35,0x08
0x055E9085,4,1,4,3,164,271,0x08
0x055E9085,5,1,1,1,42,35,0x08
0x055E9085,6,1,4,3,127,190,0x08
0x055E9085,7,1,1,1,42,35,0x08
vz_hum_blanco,0,5,46,45,337,316,0x08
vz_hum_blanco,1,2,28,9,266,401,0x08
vz_hum_blanco,2,1,12,10,174,174,0x08
0x07FC456B,0,2,28,22,72,124,0x08
0x07FC456B,1,2,28,22,84,138,0x08
0x07FC456B,2,1,11,9,114,114,0x08
0x07FC456B,3,1,11,9,114,114,0x08
0x07FC456B,4,5,43,41,291,215,0x08
0x07FC456B,5,5,44,42,305,207,0x08
0x09139BCD,0,7,47,44,226,208,0x08
0x09139BCD,1,6,48,43,213,194,0x08
0x09139BCD,2,4,50,47,256,230,0x08
0x09139BCD,3,1,9,9,79,80,0x08
0x09139BCD,4,1,9,9,118,130,0x08
0x09139BCD,5,1,4,3,86,142,0x08
0x09139BCD,6,1,4,3,85,132,0x08
0x09139BCD,7,1,4,3,85,140,0x08
0x09139BCD,8,1,4,3,108,160,0x08
0x09139BCD,9,1,4,3,96,160,0x08
0x09139BCD,10,1,4,3,33,46,0x08
0x09139BCD,11,1,4,3,12,10,0x08
0x09139BCD,12,1,1,1,17,13,0x08
0x09139BCD,13,1,4,2,44,38,0x08
0x09139BCD,14,1,1,1,10,8,0x08
0x09139BCD,15,1,1,1,73,58,0x08
0x09139BCD,16,1,1,1,16,14,0x08
0x09139BCD,17,1,4,3,37,50,0x08
0x09139BCD,18,1,1,1,79,46,0x08
0x09139BCD,19,1,4,3,47,60,0x08
jungle_env_plantlarge01,6,1,4,4,63,51,0x08
jungle_env_plantlarge01,7,1,4,4,139,105,0x04
pmc_hum_mattias,0,1,6,2,72,60,0x01
pmc_hum_mattias,1,1,13,9,1680,2492,0x01
pmc_hum_mattias,2,1,6,2,214,188,0x01
pmc_hum_mattias,3,4,49,48,3392,9068,0x01
pmc_hum_mattias,4,1,33,27,3085,8460,0x01
pmc_hum_mattias,5,1,24,6,506,790,0x01
pmc_hum_mattias,6,1,28,2,67,38,0x01
pmc_hum_mattias,7,1,30,4,3223,3005,0x01
pmc_hum_mattias,8,1,22,13,133,244,0x01
pmc_hum_mattias,9,4,49,48,1948,2241,0x02
pmc_hum_mattias,10,1,13,9,884,1239,0x02
pmc_hum_mattias,11,1,33,26,823,1411,0x02
pmc_hum_mattias,12,1,6,2,72,60,0x02
pmc_hum_mattias,13,1,6,2,214,188,0x02
pmc_hum_mattias,14,1,30,4,1599,1251,0x02
pmc_hum_mattias,15,1,13,9,496,607,0x04
pmc_hum_mattias,16,3,48,26,1034,1097,0x04
pmc_hum_mattias,17,1,7,3,437,699,0x04
pmc_hum_mattias,18,1,1,1,677,465,0x04
pmc_hum_mattias,19,1,7,3,177,275,0x08
pmc_hum_mattias,20,2,43,10,936,392,0x08
pmc_hum_mattias,21,1,13,9,240,236,0x08
ch_hum_starter02,0,1,1,1,278,396,0x0F
ch_hum_starter02,1,2,28,22,1365,2447,0x0F
ch_hum_starter02,2,1,26,14,83,108,0x0F
ch_hum_starter02,3,1,11,9,1224,1994,0x0F
ch_hum_starter02,4,4,45,44,1454,4512,0x0F
ch_hum_starter02,5,1,1,1,959,1029,0x0F
ch_hum_starter02,6,1,1,1,900,971,0x0F
ch_hum_starter02,7,1,2,2,169,272,0x0F
0x0D0B8CF5,0,1,1,1,43,38,0x08
0x0D0B8CF5,1,1,1,1,41,34,0x08
0x0D0B8CF5,2,1,1,1,77,76,0x08
0x0D0B8CF5,3,1,1,1,54,46,0x08
0x0D0B8CF5,4,1,1,1,59,72,0x08
0x0D0B8CF5,5,3,48,42,250,239,0x08
0x0D0B8CF5,6,3,48,42,257,238,0x08
0x0D0B8CF5,7,3,48,42,227,210,0x08
0x0D0B8CF5,8,3,48,42,245,235,0x08
0x0D0B8CF5,9,1,9,9,162,149,0x08
0x0D0B8CF5,10,1,9,9,193,173,0x08
0x0D0B8CF5,11,1,9,9,196,199,0x08
0x0D0B8CF5,12,1,9,9,207,182,0x08
0x0D0B8CF5,13,1,4,3,86,136,0x08
0x0D0B8CF5,14,1,4,3,64,102,0x08
0x0D0B8CF5,15,1,4,3,71,118,0x08
0x0D0B8CF5,16,1,4,3,121,196,0x08
0x0D0B8CF5,17,1,1,1,32,26,0x08
global_env_palmtreebend01,10,1,4,2,25,22,0x04
global_env_palmtreebend01,11,1,2,2,181,202,0x04
global_env_palmtreebend01,12,1,1,1,36,36,0x04
global_env_palmtreebend01,13,1,1,1,36,38,0x04
global_env_palmtreebend01,14,1,1,1,30,30,0x04
global_env_palmtreebend01,15,1,1,1,30,30,0x04
global_env_palmtreebend01,16,1,1,1,36,36,0x04
global_env_palmtreebend01,17,1,3,2,28,26,0x04
global_env_palmtreebend01,18,1,1,1,40,42,0x04
global_env_palmtreebend01,19,1,1,1,46,48,0x04
global_env_palmtreebend01,20,1,1,1,36,36,0x04
global_env_palmtreebend01,21,1,1,1,31,28,0x04
global_env_palmtreebend01,22,1,1,1,50,56,0x04
global_env_palmtreebend01,23,1,1,1,48,52,0x04
global_env_palmtreebend01,24,1,1,1,28,28,0x04
global_env_palmtreebend01,25,1,1,1,34,34,0x04
global_env_palmtreebend01,26,1,1,1,38,40,0x04
global_env_palmtreebend01,27,1,1,1,34,36,0x04
global_env_palmtreebend01,28,1,1,1,46,46,0x04
global_env_palmtreebend01,29,1,1,1,31,30,0x04
global_env_palmtreebend01,30,1,1,1,32,32,0x04
global_env_palmtreebend01,31,1,1,1,34,36,0x04
global_env_palmtreebend01,32,1,2,2,28,24,0x04
global_env_palmtreebend01,33,1,5,3,5,4,0x07
pmc_hum_mechanic,0,4,23,22,2225,4036,0x0F
pmc_hum_mechanic,1,1,11,9,2106,3585,0x0F
pmc_hum_mechanic,2,4,47,46,2863,4871,0x0F
pmc_hum_mechanic,3,1,1,1,3579,4156,0x0F
pmc_hum_mechanic,4,1,8,3,744,1254,0x0F
pmc_hum_mechanic,5,2,42,8,893,1228,0x0F
pmc_hum_mechanic,6,2,42,9,1768,1873,0x0F
pmc_hum_mechanic,7,1,13,3,156,184,0x0F
pmc_hum_mechanic,8,1,13,3,1033,699,0x0F
pmc_hum_mechanic,9,1,4,2,169,272,0x0F
global_flag_smallpr,2,1,3,3,94,132,0x01
global_flag_smallpr,3,1,3,3,94,132,0x06
0x1066F684,0,2,28,22,108,180,0x08
0x1066F684,1,2,28,22,83,140,0x08
0x1066F684,2,2,28,22,112,180,0x08
0x1066F684,3,2,28,22,89,142,0x08
0x1066F684,4,1,11,9,142,172,0x08
0x1066F684,5,4,45,43,201,204,0x08
al_hum_workerb,0,1,12,10,177,118,0x08
al_hum_workerb,1,2,28,22,114,174,0x08
al_hum_workerb,2,5,46,45,189,174,0x08
al_hum_workerb,3,1,22,7,283,458,0x08
civ_hum_beachfemale_c,0,1,11,9,151,155,0x08
civ_hum_beachfemale_c,1,5,43,41,238,243,0x08
civ_hum_beachfemale_c,2,1,6,3,97,68,0x08
civ_hum_beachfemale_c,3,1,6,3,73,120,0x08
civ_hum_journalist_b,0,1,61,4,181,120,0x08
civ_hum_journalist_b,1,1,14,4,67,54,0x08
civ_hum_journalist_b,2,2,28,5,101,160,0x08
civ_hum_journalist_b,3,1,12,10,195,168,0x08
civ_hum_journalist_b,4,5,46,44,432,371,0x08
global_env_treeplaza03,26,1,4,4,462,390,0x04
global_env_treeplaza03,27,1,4,4,137,63,0x04
global_env_treeplaza03,29,1,2,2,56,28,0x07
global_env_treeplaza03,30,1,4,4,46,22,0x07
global_env_treeplaza03,31,1,2,2,48,24,0x07
global_env_treeplaza03,32,1,4,2,52,24,0x07
global_env_treeplaza03,33,1,3,2,52,26,0x07
global_env_treeplaza03,34,1,3,2,58,24,0x07
global_env_treeplaza03,35,1,4,3,32,16,0x07
global_env_treeplaza03,36,1,4,3,50,24,0x07
global_env_treeplaza03,37,1,2,2,34,16,0x07
global_env_treeplaza03,38,1,2,2,48,20,0x07
global_env_treeplaza03,39,1,4,3,46,20,0x07
global_env_treeplaza03,40,1,4,2,50,24,0x07
global_env_treeplaza03,41,1,2,2,50,24,0x07
global_env_treeplaza03,42,1,3,2,42,20,0x07
global_env_treeplaza03,43,1,3,2,38,18,0x07
pmc_hum_jen,0,1,1,1,45,42,0x01
pmc_hum_jen,1,1,16,10,2458,3846,0x01
pmc_hum_jen,2,4,42,40,1562,2419,0x01
pmc_hum_jen,3,1,2,2,1031,1348,0x01
pmc_hum_jen,4,1,29,21,3974,11960,0x01
pmc_hum_jen,5,3,21,8,469,668,0x01
pmc_hum_jen,6,1,12,4,768,685,0x01
pmc_hum_jen,7,2,50,17,1907,6062,0x01
pmc_hum_jen,8,2,31,6,45,42,0x02
pmc_hum_jen,9,2,31,20,1262,2314,0x02
pmc_hum_jen,10,4,42,40,949,1275,0x02
pmc_hum_jen,11,1,16,10,1319,1878,0x02
pmc_hum_jen,12,1,1,1,1033,1348,0x02
pmc_hum_jen,13,2,46,16,950,2862,0x02
pmc_hum_jen,14,2,31,20,647,1153,0x04
pmc_hum_jen,15,2,46,16,490,684,0x04
pmc_hum_jen,16,4,41,39,532,593,0x04
pmc_hum_jen,17,1,16,10,679,904,0x04
pmc_hum_jen,18,1,1,1,1031,1348,0x04
pmc_hum_jen,19,2,31,15,273,456,0x08
pmc_hum_jen,20,2,45,15,231,268,0x08
pmc_hum_jen,21,4,40,38,244,214,0x08
pmc_hum_jen,22,1,16,10,292,331,0x08
0x181A318F,0,3,48,45,1387,2212,0x01
0x181A318F,1,1,4,3,1554,2862,0x01
0x181A318F,2,1,10,10,1073,1602,0x01
oc_hum_pilot,0,5,46,45,170,159,0x08
oc_hum_pilot,1,1,19,5,512,722,0x08
oc_hum_pilot,2,1,11,9,118,136,0x08
oc_hum_pilot,3,2,28,5,74,118,0x08
jungle_env_treesmall02,9,1,4,4,388,372,0x04
jungle_env_treesmall02,11,1,4,2,36,18,0x07
jungle_env_treesmall02,12,1,4,2,20,10,0x07
jungle_env_treesmall02,13,1,4,2,16,8,0x07
jungle_env_treesmall02,14,1,4,2,24,12,0x07
jungle_env_treesmall02,15,1,4,2,20,10,0x07
jungle_env_treesmall02,16,1,4,3,28,14,0x07
jungle_env_treesmall02,17,1,4,2,20,10,0x07
jungle_env_treesmall02,18,1,3,2,20,10,0x07
jungle_env_treesmall02,19,1,4,2,16,8,0x07
jungle_env_treesmall02,20,1,4,2,28,14,0x07
jungle_env_treesmall02,21,1,4,2,16,8,0x07
jungle_env_treesmall02,22,1,4,2,20,10,0x07
jungle_env_treesmall02,23,1,3,2,20,10,0x07
jungle_env_treesmall02,24,1,3,2,20,10,0x07
jungle_env_treesmall02,25,1,3,2,20,10,0x07
jungle_env_treesmall02,26,1,1,1,24,12,0x07
jungle_env_treesmall02,27,1,4,2,20,10,0x07
jungle_env_treesmall02,28,1,3,2,24,12,0x07
jungle_env_treesmall02,29,1,3,2,20,10,0x07
0x1A9D89DF,0,2,28,22,71,116,0x08
0x1A9D89DF,1,2,28,22,69,118,0x08
0x1A9D89DF,2,2,28,22,91,138,0x08
0x1A9D89DF,3,2,28,22,71,118,0x08
0x1A9D89DF,4,2,28,22,74,118,0x08
0x1A9D89DF,5,2,28,22,112,130,0x08
0x1A9D89DF,6,1,11,9,123,93,0x08
0x1A9D89DF,7,5,42,35,211,198,0x08
0x1A9D89DF,8,1,17,8,42,32,0x08
0x1A9D89DF,9,1,1,1,28,14,0x08
oc_hum_fireman,0,1,1,1,26,24,0x0F
oc_hum_fireman,1,1,1,1,16,14,0x0F
oc_hum_fireman,2,3,25,9,1034,1404,0x0F
oc_hum_fireman,3,2,28,6,365,482,0x0F
oc_hum_fireman,4,1,11,9,1076,1770,0x0F
oc_hum_fireman,5,5,46,45,1372,2215,0x0F
oc_hum_fireman,6,2,28,6,307,496,0x0F
pmc_hum_mattias_v2,0,1,4,2,68,60,0x01
pmc_hum_mattias_v2,1,1,11,9,1066,1594,0x01
pmc_hum_mattias_v2,2,1,28,2,4091,4599,0x01
pmc_hum_mattias_v2,3,1,31,24,2900,7884,0x01
pmc_hum_mattias_v2,4,1,23,12,501,770,0x01
pmc_hum_mattias_v2,5,1,21,8,133,244,0x01
pmc_hum_mattias_v2,6,7,49,48,3353,9102,0x01
pmc_hum_mattias_v2,7,1,1,1,4102,4599,0x02
pmc_hum_mattias_v2,8,2,27,21,696,1196,0x02
pmc_hum_mattias_v2,9,1,4,2,68,60,0x02
pmc_hum_mattias_v2,10,1,11,9,579,800,0x02
pmc_hum_mattias_v2,11,7,49,48,1923,4694,0x02
pmc_hum_mattias_v2,12,1,1,1,4091,4599,0x04
pmc_hum_mattias_v2,13,1,31,22,358,579,0x04
pmc_hum_mattias_v2,14,1,11,9,305,394,0x04
pmc_hum_mattias_v2,15,6,48,47,2123,1996,0x04
pmc_hum_mattias_v2,16,1,31,22,162,220,0x08
pmc_hum_mattias_v2,17,1,11,9,152,154,0x08
pmc_hum_mattias_v2,18,6,48,46,321,330,0x08
civ_hum_doctorfemale_b,0,2,28,12,203,334,0x08
civ_hum_doctorfemale_b,1,1,12,10,145,160,0x08
civ_hum_doctorfemale_b,2,7,50,48,250,239,0x08
ch_hum_prisoner,0,4,45,40,219,215,0x08
ch_hum_prisoner,1,1,11,9,107,122,0x08
ch_hum_prisoner,2,2,28,22,108,180,0x08
global_env_palmtreebend04,10,1,2,2,46,40,0x04
global_env_palmtreebend04,11,1,1,1,24,24,0x04
global_env_palmtreebend04,12,1,1,1,24,24,0x04
global_env_palmtreebend04,13,1,1,1,24,24,0x04
global_env_palmtreebend04,14,1,1,1,24,24,0x04
global_env_palmtreebend04,15,1,1,1,24,24,0x04
global_env_palmtreebend04,16,1,1,1,24,24,0x04
global_env_palmtreebend04,17,1,1,1,24,24,0x04
global_env_palmtreebend04,18,1,1,1,24,24,0x04
global_env_palmtreebend04,19,1,1,1,24,24,0x04
global_env_palmtreebend04,20,1,1,1,24,24,0x04
global_env_palmtreebend04,21,1,1,1,24,24,0x04
global_env_palmtreebend04,22,1,1,1,24,24,0x04
global_env_palmtreebend04,23,1,1,1,24,24,0x04
global_env_palmtreebend04,24,1,1,1,24,24,0x04
global_env_palmtreebend04,25,1,1,1,24,24,0x04
global_env_palmtreebend04,26,1,1,1,18,16,0x04
global_env_palmtreebend04,27,1,1,1,18,16,0x04
global_env_palmtreebend04,28,1,1,1,18,16,0x04
global_env_palmtreebend04,29,1,1,1,18,16,0x04
global_env_palmtreebend04,30,1,1,1,24,24,0x04
global_env_palmtreebend04,31,1,1,1,5,4,0x07
pmc_hum_mattias_v4,0,1,6,2,72,60,0x01
pmc_hum_mattias_v4,1,1,13,9,1702,2492,0x01
pmc_hum_mattias_v4,2,1,6,2,214,188,0x01
pmc_hum_mattias_v4,3,1,33,27,3060,8236,0x01
pmc_hum_mattias_v4,4,1,24,11,592,902,0x01
pmc_hum_mattias_v4,5,1,28,2,67,38,0x01
pmc_hum_mattias_v4,6,1,30,4,3223,3005,0x01
pmc_hum_mattias_v4,7,1,22,13,133,244,0x01
pmc_hum_mattias_v4,8,4,49,48,2860,3612,0x01
pmc_hum_mattias_v4,9,1,13,9,884,1239,0x02
pmc_hum_mattias_v4,10,1,33,26,823,1411,0x02
pmc_hum_mattias_v4,11,1,6,2,72,60,0x02
pmc_hum_mattias_v4,12,1,6,2,214,188,0x02
pmc_hum_mattias_v4,13,1,30,4,1599,1251,0x02
pmc_hum_mattias_v4,14,4,49,48,1601,1640,0x02
pmc_hum_mattias_v4,15,1,13,9,496,607,0x04
pmc_hum_mattias_v4,16,1,7,3,437,699,0x04
pmc_hum_mattias_v4,17,1,1,1,677,465,0x04
pmc_hum_mattias_v4,18,4,49,48,854,777,0x04
pmc_hum_mattias_v4,19,1,7,3,177,275,0x08
pmc_hum_mattias_v4,20,1,13,9,240,236,0x08
pmc_hum_mattias_v4,21,4,49,47,343,284,0x08
0x25E39BE9,0,2,28,22,51,70,0x08
0x25E39BE9,1,2,28,22,163,284,0x08
0x25E39BE9,2,1,11,9,161,169,0x08
0x25E39BE9,3,1,11,9,152,163,0x08
0x25E39BE9,4,4,45,43,191,216,0x08
0x25E39BE9,5,2,56,41,245,232,0x08
police_hum_officer_b,0,3,48,45,237,214,0x08
police_hum_officer_b,1,1,4,3,163,279,0x08
police_hum_officer_b,2,2,28,10,175,187,0x08
0x2703554F,0,7,42,41,228,196,0x08
0x2703554F,1,7,40,39,236,196,0x08
0x2703554F,2,7,42,41,228,196,0x08
0x2703554F,3,7,42,41,228,196,0x08
0x2703554F,4,7,40,39,236,196,0x08
0x2703554F,5,7,40,39,236,196,0x08
0x2703554F,6,1,10,10,150,168,0x08
0x2703554F,7,1,10,10,150,168,0x08
0x2703554F,8,1,10,10,150,168,0x08
0x2703554F,9,1,10,10,150,168,0x08
0x2703554F,10,1,10,10,150,168,0x08
0x2703554F,11,1,10,10,150,168,0x08
0x2703554F,12,1,26,5,65,110,0x08
0x2703554F,13,1,1,1,118,87,0x08
0x2703554F,14,1,26,5,74,121,0x08
0x2703554F,15,1,26,4,155,112,0x08
0x2703554F,16,1,26,5,79,122,0x08
0x2703554F,17,1,26,5,80,109,0x08
0x2703554F,18,1,26,5,88,136,0x08
0x2703554F,19,1,26,3,143,99,0x08
0x2703554F,20,1,26,5,61,100,0x08
0x2703554F,21,1,26,4,93,55,0x08
pmc_hum_fiona,0,1,13,9,2631,4685,0x0F
pmc_hum_fiona,1,4,23,22,3091,5662,0x0F
pmc_hum_fiona,2,4,47,46,2844,9604,0x0F
pmc_hum_fiona,3,1,13,3,741,463,0x0F
pmc_hum_fiona,4,1,13,3,256,228,0x0F
pmc_hum_fiona,5,1,4,2,169,272,0x0F
pmc_hum_fiona,6,1,1,1,3910,4856,0x0F
0x2BC5152C,0,2,28,5,133,234,0x08
0x2BC5152C,1,1,1,1,186,256,0x08
0x2BC5152C,2,1,11,9,113,122,0x08
0x2BC5152C,3,7,48,44,197,193,0x08
jungle_env_plantmed01,5,1,3,3,106,76,0x04
oc_hum_boardmember,0,1,24,22,216,391,0x08
oc_hum_boardmember,1,1,9,9,124,123,0x08
oc_hum_boardmember,2,5,49,47,218,207,0x08
global_flag_smallvz,2,1,3,3,94,132,0x01
global_flag_smallvz,3,1,3,3,94,132,0x06
global_env_palmtreebend03,10,1,2,2,44,56,0x04
global_env_palmtreebend03,11,1,1,1,24,24,0x04
global_env_palmtreebend03,12,1,1,1,24,24,0x04
global_env_palmtreebend03,13,1,1,1,24,24,0x04
global_env_palmtreebend03,14,1,1,1,21,20,0x04
global_env_palmtreebend03,15,1,1,1,24,24,0x04
global_env_palmtreebend03,16,1,1,1,24,24,0x04
global_env_palmtreebend03,17,1,1,1,18,16,0x04
global_env_palmtreebend03,18,1,1,1,24,24,0x04
global_env_palmtreebend03,19,1,1,1,24,24,0x04
global_env_palmtreebend03,20,1,1,1,24,24,0x04
global_env_palmtreebend03,21,1,1,1,24,24,0x04
global_env_palmtreebend03,22,1,1,1,24,24,0x04
global_env_palmtreebend03,23,1,1,1,24,24,0x04
global_env_palmtreebend03,24,1,1,1,26,24,0x04
global_env_palmtreebend03,25,1,1,1,24,24,0x04
global_env_palmtreebend03,26,1,3,2,20,16,0x04
global_env_palmtreebend03,27,1,5,2,20,16,0x04
global_env_palmtreebend03,28,1,2,2,24,16,0x04
global_env_palmtreebend03,29,1,1,1,28,24,0x04
global_env_palmtreebend03,30,1,1,1,24,24,0x04
global_env_palmtreebend03,31,1,1,1,5,4,0x07
0x2EF7E3C3,0,1,6,3,69,118,0x08
0x2EF7E3C3,1,1,6,3,71,116,0x08
0x2EF7E3C3,2,1,6,3,71,118,0x08
0x2EF7E3C3,3,1,6,3,74,118,0x08
0x2EF7E3C3,4,1,6,3,112,130,0x08
0x2EF7E3C3,5,7,47,45,214,209,0x08
0x2EF7E3C3,6,1,11,9,117,123,0x08
ch_hum_pilot_a,0,2,28,22,141,249,0x08
ch_hum_pilot_a,1,5,44,42,217,199,0x08
ch_hum_pilot_a,2,1,11,9,144,154,0x08
ch_hum_pilot_a,3,1,26,16,92,105,0x08
global_flag_largech,1,1,3,3,98,136,0x06
commercial_bld_corner04x26a,0,2,21,13,39,39,0x08
commercial_bld_corner04x26a,1,5,49,45,235,216,0x08
commercial_bld_corner04x26a,2,2,28,10,165,172,0x08
commercial_bld_corner04x26a,3,1,4,3,86,142,0x08
0x3511CCE7,0,2,42,9,121,95,0x08
0x3511CCE7,1,1,1,1,30,22,0x08
0x3511CCE7,2,2,28,5,28,23,0x08
0x3511CCE7,3,1,27,4,134,236,0x08
0x3511CCE7,4,1,27,4,131,226,0x08
0x3511CCE7,5,1,1,1,43,51,0x08
0x3511CCE7,6,1,11,9,144,151,0x08
0x3511CCE7,7,1,11,9,144,151,0x08
0x3511CCE7,8,6,47,44,207,221,0x08
al_hum_starter04,0,1,26,8,291,422,0x0F
al_hum_starter04,1,1,1,1,25,25,0x0F
al_hum_starter04,2,1,26,14,74,101,0x0F
al_hum_starter04,3,2,28,20,1097,1989,0x0F
al_hum_starter04,4,1,1,1,310,309,0x0F
al_hum_starter04,5,1,1,1,250,235,0x0F
al_hum_starter04,6,1,22,7,79,116,0x0F
al_hum_starter04,7,1,12,10,758,1242,0x0F
al_hum_starter04,8,7,48,47,1631,2362,0x0F
pmc_hum_chris,0,6,46,45,577,510,0x08
pmc_hum_chris,1,2,32,21,309,474,0x08
pmc_hum_chris,2,1,14,10,253,290,0x08
pmc_hum_chris,3,6,46,45,2873,1362,0x04
pmc_hum_chris,4,2,32,22,688,1206,0x04
pmc_hum_chris,5,1,14,10,562,748,0x04
pmc_hum_chris,6,2,32,22,1391,2420,0x02
pmc_hum_chris,7,1,14,10,1024,1529,0x02
pmc_hum_chris,8,1,1,1,108,172,0x02
pmc_hum_chris,9,1,1,1,88,156,0x02
pmc_hum_chris,10,1,1,1,108,172,0x02
pmc_hum_chris,11,1,1,1,88,156,0x02
pmc_hum_chris,12,6,46,45,2423,6132,0x02
pmc_hum_chris,13,1,1,1,102,172,0x01
pmc_hum_chris,14,1,1,1,85,156,0x01
pmc_hum_chris,15,1,1,1,102,172,0x01
pmc_hum_chris,16,1,1,1,85,156,0x01
pmc_hum_chris,17,1,14,10,1963,3163,0x01
pmc_hum_chris,18,1,56,4,290,276,0x01
pmc_hum_chris,19,1,1,1,527,426,0x01
pmc_hum_chris,20,1,23,20,4767,14036,0x01
pmc_hum_chris,21,2,32,8,914,1567,0x01
pmc_hum_chris,22,6,47,46,4813,13414,0x01
ch_hum_pilot_b,0,2,28,22,141,249,0x08
ch_hum_pilot_b,1,5,44,42,217,199,0x08
ch_hum_pilot_b,2,1,11,9,143,154,0x08
ch_hum_pilot_b,3,1,22,19,97,100,0x08
0x3C9A5987,0,4,45,44,206,201,0x08
0x3C9A5987,1,4,45,44,206,201,0x08
0x3C9A5987,2,4,45,44,206,201,0x08
0x3C9A5987,3,1,10,10,118,129,0x08
0x3C9A5987,4,1,4,3,75,110,0x08
0x3C9A5987,5,1,4,3,73,116,0x08
0x3C9A5987,6,1,4,3,122,158,0x08
0x3C9A5987,7,1,4,3,75,122,0x08
0x3C9A5987,8,1,4,3,89,140,0x08
gr_hum_elite,0,3,24,12,111,192,0x08
gr_hum_elite,1,1,11,9,151,167,0x08
gr_hum_elite,2,2,56,42,184,192,0x08
gr_hum_elite,3,1,62,13,904,792,0x08
global_env_treeplaza02,19,1,1,1,5,4,0x07
global_env_treeplaza02,20,1,4,4,92,42,0x04
global_env_treeplaza02,21,1,4,4,315,273,0x04
global_env_treeplaza02,31,1,3,2,60,30,0x07
global_env_treeplaza02,32,1,2,2,58,28,0x07
global_env_treeplaza02,33,1,3,2,48,24,0x07
global_env_treeplaza02,34,1,3,2,60,28,0x07
global_env_treeplaza02,35,1,4,2,72,36,0x07
global_env_treeplaza02,36,1,4,2,64,28,0x07
global_env_treeplaza02,37,1,2,2,40,20,0x07
global_env_treeplaza02,38,1,2,2,58,28,0x07
global_env_treeplaza02,39,1,4,2,60,28,0x07
global_env_treeplaza02,40,1,4,2,66,28,0x07
global_env_treeplaza02,41,1,4,2,62,28,0x07
global_env_treeplaza02,42,1,1,1,60,30,0x07
global_env_treeplaza02,43,1,4,2,58,28,0x07
global_env_treeplaza02,44,1,4,2,58,28,0x07
global_env_treeplaza02,45,1,4,2,58,28,0x07
al_hum_starter02,0,1,1,1,326,482,0x0F
al_hum_starter02,1,2,28,22,2018,3751,0x0F
al_hum_starter02,2,1,12,10,805,1334,0x0F
al_hum_starter02,3,7,48,47,1566,2432,0x0F
al_hum_starter02,4,2,28,15,85,112,0x0F
al_hum_starter02,5,1,1,1,309,305,0x0F
al_hum_starter02,6,1,1,1,250,235,0x0F
al_hum_starter02,7,1,2,2,79,116,0x0F
jungle_env_treetall02,11,1,4,4,584,671,0x08
jungle_env_treetall02,13,1,2,2,54,22,0x0F
jungle_env_treetall02,14,1,2,2,62,26,0x0F
jungle_env_treetall02,15,1,4,3,24,10,0x0F
jungle_env_treetall02,16,1,4,2,70,30,0x0F
jungle_env_treetall02,17,1,4,2,70,30,0x0F
jungle_env_treetall02,18,1,3,2,70,30,0x0F
jungle_env_treetall02,19,1,4,4,74,32,0x0F
jungle_env_treetall02,20,1,4,3,72,30,0x0F
jungle_env_treetall02,21,1,4,3,46,20,0x0F
jungle_env_treetall02,22,1,3,2,12,4,0x0F
jungle_env_treetall02,23,1,4,2,72,30,0x0F
jungle_env_treetall02,24,1,4,3,62,26,0x0F
jungle_env_treetall02,25,1,4,2,64,26,0x0F
jungle_env_treetall02,26,1,4,3,82,34,0x0F
jungle_env_treetall02,27,1,4,3,54,22,0x0F
pr_hum_worker,0,2,28,10,237,216,0x08
pr_hum_worker,1,1,12,10,171,161,0x08
pr_hum_worker,2,8,46,43,204,224,0x08
0x45CC35FE,0,1,1,1,26,24,0x08
0x45CC35FE,1,1,1,1,22,18,0x08
0x45CC35FE,2,1,48,3,51,40,0x08
0x45CC35FE,3,1,1,1,24,14,0x08
0x45CC35FE,4,2,41,11,100,72,0x08
0x45CC35FE,5,1,1,1,39,38,0x08
0x45CC35FE,6,1,1,1,47,27,0x08
0x45CC35FE,7,1,6,3,145,120,0x08
0x45CC35FE,8,1,19,2,43,28,0x08
0x45CC35FE,9,1,1,1,13,10,0x08
0x45CC35FE,10,1,6,3,118,152,0x08
0x45CC35FE,11,1,6,3,84,132,0x08
0x45CC35FE,12,1,6,3,126,164,0x08
0x45CC35FE,13,3,21,18,101,128,0x08
0x45CC35FE,14,1,11,9,130,106,0x08
0x45CC35FE,15,1,11,9,114,122,0x08
0x45CC35FE,16,4,52,37,256,171,0x08
0x45CC35FE,17,3,57,34,200,181,0x08
0x45CC35FE,18,4,52,37,252,169,0x08
0x45CC35FE,19,3,57,37,219,146,0x08
0x45CC35FE,20,7,46,39,195,167,0x08
0x4761451B,0,4,45,44,201,201,0x08
0x4761451B,1,4,45,43,192,189,0x08
0x4761451B,2,1,10,10,157,158,0x08
0x4761451B,3,1,10,10,156,159,0x08
0x4761451B,4,1,4,3,100,160,0x08
0x4761451B,5,1,4,3,164,271,0x08
0x4761451B,6,1,4,3,80,135,0x08
0x4761451B,7,1,4,3,127,190,0x08
0x4761451B,8,1,4,3,83,138,0x08
0x4761451B,9,1,4,3,115,203,0x08
0x4761451B,10,1,4,3,92,141,0x08
0x4761451B,11,1,4,3,177,306,0x08
0x4761451B,12,1,4,3,155,261,0x08
0x4761451B,13,1,4,3,213,388,0x08
al_hum_pilot,0,1,4,3,333,130,0x08
al_hum_pilot,1,2,28,10,311,135,0x08
al_hum_pilot,2,2,47,43,424,167,0x08
global_flag_smallch,2,1,3,3,94,132,0x01
global_flag_smallch,3,1,3,3,94,132,0x06
0x4AB6F9B6,0,1,7,4,113,200,0x08
0x4AB6F9B6,1,1,7,4,108,184,0x08
0x4AB6F9B6,2,1,7,4,125,212,0x08
0x4AB6F9B6,3,1,7,4,132,224,0x08
0x4AB6F9B6,4,1,7,4,111,190,0x08
0x4AB6F9B6,5,1,7,4,120,198,0x08
0x4AB6F9B6,6,1,9,9,142,154,0x08
0x4AB6F9B6,7,5,46,45,237,233,0x08
0x4AB6F9B6,8,6,48,47,238,234,0x08
0x4AB6F9B6,9,5,46,45,169,185,0x08
0x4AB6F9B6,10,5,46,45,207,215,0x08
0x4AB6F9B6,11,5,46,45,207,215,0x08
0x4AB6F9B6,12,1,1,1,24,28,0x08
0x4AB6F9B6,13,1,1,1,13,11,0x08
0x4AB6F9B6,14,2,22,6,56,40,0x08
0x4AB6F9B6,15,1,1,1,11,7,0x08
0x4AB6F9B6,16,2,24,9,33,24,0x08
0x4AB6F9B6,17,1,1,1,26,40,0x08
0x4AB6F9B6,18,1,1,1,9,9,0x08
0x4AB6F9B6,19,1,1,1,16,12,0x08
0x4AB6F9B6,20,1,6,2,87,92,0x08
0x4AB6F9B6,21,1,6,3,8,6,0x08
jungle_env_plantmed03,5,1,4,4,63,35,0x04
0x4D4F42B5,0,1,6,3,75,108,0x08
0x4D4F42B5,1,1,6,3,93,122,0x08
0x4D4F42B5,2,1,6,3,88,120,0x08
0x4D4F42B5,3,1,6,3,120,196,0x08
0x4D4F42B5,4,1,6,3,90,120,0x08
0x4D4F42B5,5,1,11,9,85,79,0x08
0x4D4F42B5,6,3,55,39,179,159,0x08
0x4D4F42B5,7,3,55,39,196,185,0x08
0x4D4F42B5,8,1,6,2,87,80,0x08
0x4D4F42B5,9,1,1,1,44,44,0x08
0x4D4F42B5,10,1,1,1,30,28,0x08
0x4D4F42B5,11,1,1,1,61,44,0x08
0x4D4F42B5,12,1,1,1,8,4,0x08
0x4D4F42B5,13,1,1,1,26,27,0x08
global_flag_largeoc,1,1,3,3,152,224,0x06
al_hum_worker,0,2,28,22,85,138,0x08
al_hum_worker,1,1,12,10,177,118,0x08
al_hum_worker,2,2,42,11,72,77,0x08
al_hum_worker,3,3,43,42,117,97,0x08
al_hum_worker,4,1,22,6,36,37,0x08
police_hum_officer_c,0,3,48,45,237,214,0x08
police_hum_officer_c,1,1,4,3,163,279,0x08
police_hum_officer_c,2,2,28,10,175,187,0x08
0x5253854D,0,2,28,22,138,241,0x08
0x5253854D,1,2,28,22,143,253,0x08
0x5253854D,2,1,11,9,156,167,0x08
0x5253854D,3,1,11,9,156,151,0x08
0x5253854D,4,5,43,42,190,191,0x08
0x5253854D,5,4,45,44,192,192,0x08
global_env_treespade,16,1,4,4,226,208,0x04
global_env_treespade,17,1,4,4,57,28,0x07
global_env_treespade,18,1,4,2,47,32,0x07
global_env_treespade,19,1,4,3,51,30,0x07
global_env_treespade,20,1,4,2,47,32,0x07
global_env_treespade,21,1,4,4,48,22,0x07
global_env_treespade,22,1,4,4,40,22,0x07
global_env_treespade,23,1,4,2,36,20,0x07
global_env_treespade,24,1,4,4,47,24,0x07
global_env_treespade,25,1,4,2,27,18,0x07
global_env_treespade,26,1,4,4,53,26,0x07
global_env_treespade,27,1,4,3,42,24,0x07
global_env_treespade,28,1,1,1,10,4,0x07
global_env_treespade,29,1,4,2,17,10,0x07
global_env_treespade,30,1,1,1,6,2,0x07
global_env_treespade,31,1,1,1,4,2,0x07
global_env_treespade,32,1,4,4,36,20,0x07
global_env_treespade,33,1,4,4,51,26,0x07
shanty_env_tree01,20,1,5,5,335,330,0x04
shanty_env_tree01,21,1,5,5,142,68,0x04
shanty_env_tree01,23,1,4,3,20,8,0x07
shanty_env_tree01,24,1,5,3,11,5,0x07
shanty_env_tree01,25,1,4,2,22,10,0x07
shanty_env_tree01,26,1,4,2,13,5,0x07
shanty_env_tree01,27,1,4,2,24,10,0x07
shanty_env_tree01,28,1,1,1,7,3,0x07
shanty_env_tree01,29,1,5,2,7,3,0x07
shanty_env_tree01,30,1,5,3,22,10,0x07
shanty_env_tree01,31,1,5,2,19,7,0x07
shanty_env_tree01,32,1,5,2,23,11,0x07
shanty_env_tree01,33,1,3,2,14,6,0x07
shanty_env_tree01,34,1,3,2,12,6,0x07
shanty_env_tree01,35,1,3,2,7,3,0x07
shanty_env_tree01,36,1,4,2,18,8,0x07
shanty_env_tree01,37,1,3,2,8,4,0x07
shanty_env_tree01,38,1,3,2,17,7,0x07
shanty_env_tree01,39,1,3,2,19,9,0x07
shanty_env_tree01,40,1,3,2,14,6,0x07
shanty_env_tree01,41,1,3,2,15,7,0x07
shanty_env_tree01,42,1,1,1,8,4,0x07
shanty_env_tree01,43,1,3,2,17,7,0x07
shanty_env_tree01,44,1,3,2,18,8,0x07
shanty_env_tree01,45,1,3,2,16,8,0x07
shanty_env_tree01,46,1,3,2,14,6,0x07
shanty_env_tree01,47,1,3,2,18,8,0x07
shanty_env_tree01,48,1,1,1,11,5,0x07
shanty_env_tree01,49,1,5,2,11,5,0x07
shanty_env_tree01,50,1,5,2,24,10,0x07
shanty_env_tree01,51,1,5,2,15,7,0x07
shanty_env_tree01,52,1,5,3,16,8,0x07
shanty_env_tree01,53,1,3,2,7,3,0x07
shanty_env_tree01,54,1,5,3,17,7,0x07
shanty_env_tree01,55,1,5,3,21,9,0x07
shanty_env_tree01,56,1,5,3,26,12,0x07
shanty_env_tree01,57,1,5,3,20,10,0x07
shanty_env_tree01,58,1,4,2,28,12,0x07
shanty_env_tree01,59,1,4,2,21,9,0x07
shanty_env_tree01,60,1,4,2,16,8,0x07
shanty_env_tree01,61,1,4,2,19,9,0x07
shanty_env_tree01,62,1,2,2,4,2,0x07
shanty_env_tree01,63,1,4,3,6,2,0x07
shanty_env_tree01,64,1,1,1,3,1,0x07
shanty_env_tree01,65,1,2,2,16,8,0x07
shanty_env_tree01,66,1,5,2,20,10,0x07
shanty_env_tree01,67,1,1,1,22,10,0x07
shanty_env_tree01,68,1,5,2,17,7,0x07
shanty_env_tree01,69,1,5,2,28,12,0x07
shanty_env_tree01,70,1,4,2,21,9,0x07
shanty_env_tree01,71,1,5,2,19,9,0x07
shanty_env_tree01,72,1,2,2,22,10,0x07
shanty_env_tree01,73,1,1,1,14,6,0x07
shanty_env_tree01,74,1,1,1,3,1,0x07
shanty_env_tree01,75,1,1,1,11,5,0x07
shanty_env_tree01,76,1,2,2,19,9,0x07
shanty_env_tree01,77,1,3,2,11,5,0x07
shanty_env_tree01,78,1,3,2,16,8,0x07
shanty_env_tree01,79,1,3,2,23,9,0x07
shanty_env_tree01,80,1,3,2,19,9,0x07
shanty_env_tree01,81,1,2,2,20,10,0x07
shanty_env_tree01,82,1,2,2,24,10,0x07
shanty_env_tree01,83,1,2,2,15,7,0x07
shanty_env_tree01,84,1,2,2,16,8,0x07
shanty_env_tree01,85,1,5,2,32,14,0x07
shanty_env_tree01,86,1,5,2,29,13,0x07
shanty_env_tree01,87,1,4,2,23,11,0x07
shanty_env_tree01,88,1,4,2,8,4,0x07
shanty_env_tree01,89,1,1,1,22,10,0x07
shanty_env_tree01,90,1,3,2,16,8,0x07
shanty_env_tree01,91,1,3,2,20,10,0x07
shanty_env_tree01,92,1,2,2,27,13,0x07
shanty_env_tree01,93,1,4,2,18,8,0x07
shanty_env_tree01,94,1,5,2,13,5,0x07
shanty_env_tree01,95,1,5,2,8,4,0x07
shanty_env_tree01,96,1,1,1,14,6,0x07
shanty_env_tree01,97,1,1,1,3,1,0x07
shanty_env_tree01,98,1,4,2,9,3,0x07
shanty_env_tree01,99,1,2,2,26,12,0x07
shanty_env_tree01,100,1,4,3,25,11,0x07
shanty_env_tree01,101,1,4,2,8,4,0x07
shanty_env_tree01,102,1,4,2,18,8,0x07
shanty_env_tree01,103,1,3,2,26,12,0x07
shanty_env_tree01,104,1,3,2,16,6,0x07
shanty_env_tree01,105,1,3,2,20,10,0x07
shanty_env_tree01,106,1,3,2,6,2,0x07
shanty_env_tree01,107,1,3,2,18,8,0x07
shanty_env_tree01,108,1,2,2,24,10,0x07
shanty_env_tree01,109,1,2,2,36,16,0x07
shanty_env_tree01,110,1,4,2,25,11,0x07
jungle_env_treemedium03,14,1,5,5,390,378,0x04
jungle_env_treemedium03,15,1,5,4,118,58,0x04
jungle_env_treemedium03,17,1,4,2,40,20,0x07
jungle_env_treemedium03,18,1,3,2,48,22,0x07
jungle_env_treemedium03,19,1,2,2,48,24,0x07
jungle_env_treemedium03,20,1,5,2,44,22,0x07
jungle_env_treemedium03,21,1,5,2,32,16,0x07
jungle_env_treemedium03,22,1,5,3,36,18,0x07
jungle_env_treemedium03,23,1,4,2,48,22,0x07
jungle_env_treemedium03,24,1,5,3,36,18,0x07
jungle_env_treemedium03,25,1,4,2,44,22,0x07
jungle_env_treemedium03,26,1,2,2,36,18,0x07
jungle_env_treemedium03,27,1,3,2,48,22,0x07
jungle_env_treemedium03,28,1,3,2,48,22,0x07
jungle_env_treemedium03,29,1,5,3,24,12,0x07
jungle_env_treemedium03,30,1,5,2,40,20,0x07
jungle_env_treemedium03,31,1,5,3,36,18,0x07
jungle_env_treemedium03,32,1,5,2,50,24,0x07
jungle_env_treemedium03,33,1,5,2,24,12,0x07
jungle_env_treemedium03,34,1,3,2,56,26,0x07
jungle_env_treemedium03,35,1,5,3,20,10,0x07
civ_hum_super_motorcycle,0,1,6,3,49,53,0x08
civ_hum_super_motorcycle,1,1,6,3,48,52,0x08
civ_hum_super_motorcycle,2,1,6,3,49,51,0x08
civ_hum_super_motorcycle,3,1,11,9,106,117,0x08
civ_hum_super_motorcycle,4,4,47,44,173,182,0x08
al_hum_starter03,0,2,28,22,955,1664,0x0F
al_hum_starter03,1,2,28,14,72,98,0x0F
al_hum_starter03,2,1,1,1,310,309,0x0F
al_hum_starter03,3,1,1,1,250,235,0x0F
al_hum_starter03,4,1,26,8,79,116,0x0F
al_hum_starter03,5,1,22,8,327,404,0x0F
al_hum_starter03,6,1,1,1,15,13,0x0F
al_hum_starter03,7,1,12,10,900,1310,0x0F
al_hum_starter03,8,7,48,47,1450,2132,0x0F
gr_hum_boss_fake,0,2,28,11,146,255,0x08
gr_hum_boss_fake,1,1,11,9,148,179,0x08
gr_hum_boss_fake,2,7,46,45,209,207,0x08
0x60497640,0,2,28,5,108,180,0x08
0x60497640,1,2,28,5,83,140,0x08
0x60497640,2,2,28,22,112,180,0x08
0x60497640,3,2,28,5,89,142,0x08
0x60497640,4,1,11,9,149,165,0x08
0x60497640,5,1,11,9,122,146,0x08
0x60497640,6,1,11,9,137,170,0x08
0x60497640,7,1,11,9,161,163,0x08
0x60497640,8,4,45,44,207,193,0x08
0x60497640,9,6,47,44,208,201,0x08
0x60497640,10,1,1,1,4,2,0x08
0x60497640,11,6,47,44,208,201,0x08
0x60497640,12,1,1,1,92,76,0x08
0x60497640,13,1,1,1,36,30,0x08
0x60497640,14,4,45,42,270,231,0x08
0x60497640,15,1,1,1,40,34,0x08
0x60497640,16,1,1,1,36,38,0x08
0x60497640,17,1,1,1,38,46,0x08
0x60497640,18,1,1,1,52,56,0x08
0x60497640,19,1,1,1,46,34,0x08
0x60497640,20,1,23,3,97,100,0x08
0x60A4EEF3,0,2,28,22,73,118,0x08
0x60A4EEF3,1,2,28,20,228,194,0x08
0x60A4EEF3,2,3,25,18,121,63,0x08
0x60A4EEF3,3,1,18,8,60,60,0x08
0x60A4EEF3,4,2,28,22,80,126,0x08
0x60A4EEF3,5,1,11,9,140,152,0x08
0x60A4EEF3,6,1,11,9,151,160,0x08
0x60A4EEF3,7,4,45,44,213,188,0x08
0x60A4EEF3,8,1,41,5,16,12,0x08
0x60A4EEF3,9,4,45,43,220,209,0x08
0x60A4EEF3,10,1,43,8,38,36,0x08
0x60A4EEF3,11,1,17,10,15,9,0x08
jungle_env_treetall03,13,1,9,8,633,630,0x08
jungle_env_treetall03,15,1,9,2,56,24,0x0F
jungle_env_treetall03,16,1,6,2,52,22,0x0F
jungle_env_treetall03,17,1,9,2,52,20,0x0F
jungle_env_treetall03,18,1,6,3,66,28,0x0F
jungle_env_treetall03,19,1,5,3,64,26,0x0F
jungle_env_treetall03,20,1,4,2,68,28,0x0F
jungle_env_treetall03,21,1,5,3,68,28,0x0F
jungle_env_treetall03,22,1,6,3,64,26,0x0F
jungle_env_treetall03,23,1,5,4,58,24,0x0F
jungle_env_treetall03,24,1,3,2,68,28,0x0F
jungle_env_treetall03,25,1,7,2,66,26,0x0F
jungle_env_treetall03,26,1,7,2,72,30,0x0F
jungle_env_treetall03,27,1,6,3,48,20,0x0F
jungle_env_treetall03,28,1,7,2,48,18,0x0F
jungle_env_treetall03,29,1,6,2,54,22,0x0F
jungle_env_treetall03,30,1,9,2,48,20,0x0F
jungle_env_treetall03,31,1,8,2,60,24,0x0F
jungle_env_treetall03,32,1,8,2,54,22,0x0F
global_env_tree01,14,1,2,2,15,16,0x07
global_env_tree01,15,1,1,1,5,3,0x07
global_env_tree01,16,1,1,1,5,3,0x07
global_env_tree01,17,1,1,1,5,3,0x07
global_env_tree01,18,1,1,1,5,3,0x07
global_env_tree01,19,1,1,1,5,3,0x07
global_env_tree01,20,1,1,1,5,3,0x07
global_env_tree01,21,1,1,1,5,3,0x07
global_env_tree01,22,1,1,1,5,3,0x07
global_env_tree01,23,1,1,1,5,3,0x07
global_env_tree01,24,1,1,1,5,3,0x07
global_env_tree01,25,1,1,1,5,3,0x07
global_env_tree01,26,1,1,1,5,3,0x07
global_env_tree01,27,1,1,1,5,3,0x07
global_env_tree01,28,1,2,2,15,16,0x04
global_env_tree01,29,1,1,1,14,14,0x04
global_env_tree01,30,1,1,1,13,14,0x04
global_env_tree01,31,1,1,1,14,14,0x04
global_env_tree01,32,1,1,1,14,14,0x04
global_env_tree01,33,1,1,1,16,18,0x04
global_env_tree01,34,1,1,1,14,14,0x04
global_env_tree01,35,1,1,1,14,14,0x04
global_env_tree01,36,1,1,1,13,14,0x04
global_env_tree01,37,1,1,1,14,14,0x04
global_env_tree01,38,1,1,1,14,14,0x04
global_env_tree01,39,1,1,1,18,18,0x04
global_env_tree01,40,1,1,1,14,14,0x04
global_env_tree01,41,1,1,1,14,14,0x04
global_flag_largegr,0,1,4,3,232,116,0x04
global_flag_largegr,1,1,3,3,12,8,0x04
oc_hum_mercenary_a,0,1,4,3,134,237,0x08
oc_hum_mercenary_a,1,1,9,9,159,157,0x08
oc_hum_mercenary_a,2,3,48,44,228,212,0x08
civ_hum_journalistfemale_a,0,1,5,2,77,63,0x08
civ_hum_journalistfemale_a,1,1,61,4,53,48,0x08
civ_hum_journalistfemale_a,2,1,8,3,54,51,0x08
civ_hum_journalistfemale_a,3,1,1,1,163,136,0x08
civ_hum_journalistfemale_a,4,1,6,3,60,98,0x08
civ_hum_journalistfemale_a,5,1,11,9,126,152,0x08
civ_hum_journalistfemale_a,6,4,45,44,228,249,0x08
jungle_env_plantlarge04,1,1,4,4,146,75,0x08
al_hum_boss,0,1,26,20,121,177,0x08
al_hum_boss,1,3,45,17,180,204,0x08
al_hum_boss,2,3,38,34,73,45,0x08
al_hum_boss,3,1,11,9,135,139,0x08
oc_hum_starter02,0,1,2,2,169,272,0x0F
oc_hum_starter02,1,1,1,1,38,42,0x0F
oc_hum_starter02,2,1,1,1,390,422,0x0F
oc_hum_starter02,3,1,17,4,165,242,0x0F
oc_hum_starter02,4,3,22,21,1299,2444,0x0F
oc_hum_starter02,5,1,4,2,99,115,0x0F
oc_hum_starter02,6,1,11,9,1370,3960,0x0F
oc_hum_starter02,7,5,46,45,1695,2490,0x0F
oc_hum_starter02,8,1,26,14,78,106,0x0F
oc_hum_starter02,9,1,1,1,1421,1703,0x0F
oc_hum_starter02,10,1,1,1,1400,1688,0x0F
pmc_hum_proppilot_unlockable,0,1,26,20,318,496,0x08
pmc_hum_proppilot_unlockable,1,1,12,10,308,303,0x08
pmc_hum_proppilot_unlockable,2,4,46,45,624,538,0x08
global_env_treetropical01,13,1,4,4,225,236,0x04
global_env_treetropical01,15,1,4,4,182,90,0x07
global_env_treetropical01,16,1,4,3,335,168,0x07
global_env_treetropical01,17,1,4,3,196,98,0x07
0x759BDE16,1,1,9,9,140,142,0x08
0x759BDE16,2,1,9,9,123,130,0x08
0x759BDE16,3,1,7,4,108,180,0x08
0x759BDE16,4,1,7,4,132,172,0x08
0x759BDE16,5,1,7,4,162,228,0x08
0x759BDE16,6,1,7,4,110,188,0x08
0x759BDE16,7,1,1,1,20,27,0x08
0x759BDE16,8,1,1,1,50,47,0x08
0x759BDE16,9,1,31,6,54,46,0x08
0x759BDE16,10,1,30,4,25,15,0x08
0x759BDE16,11,1,6,3,17,11,0x08
0x759BDE16,12,1,6,3,34,16,0x08
0x759BDE16,13,1,6,3,24,18,0x08
0x759BDE16,14,5,46,42,181,208,0x08
0x759BDE16,15,6,48,43,279,244,0x08
0x759BDE16,16,1,1,1,24,18,0x08
0x759BDE16,17,5,46,42,531,232,0x08
0x759BDE16,18,1,1,1,69,52,0x08
0x759BDE16,19,5,46,42,181,208,0x08
0x759BDE16,20,5,46,42,528,230,0x08
pmc_hum_chris_v3,0,3,26,21,316,472,0x08
pmc_hum_chris_v3,1,1,19,5,17,20,0x08
pmc_hum_chris_v3,2,1,15,10,411,462,0x08
pmc_hum_chris_v3,3,6,46,45,626,573,0x08
pmc_hum_chris_v3,4,2,29,22,692,1208,0x04
pmc_hum_chris_v3,5,1,20,5,41,63,0x04
pmc_hum_chris_v3,6,2,46,8,2582,3496,0x04
pmc_hum_chris_v3,7,1,15,10,995,1315,0x04
pmc_hum_chris_v3,8,6,46,45,1167,1466,0x04
pmc_hum_chris_v3,9,1,15,3,1237,667,0x02
pmc_hum_chris_v3,10,2,29,22,1400,2436,0x02
pmc_hum_chris_v3,11,2,46,8,2582,3496,0x02
pmc_hum_chris_v3,12,1,20,6,169,268,0x02
pmc_hum_chris_v3,13,1,15,10,1947,2809,0x02
pmc_hum_chris_v3,14,6,46,45,2026,2995,0x02
pmc_hum_chris_v3,15,1,1,1,108,172,0x01
pmc_hum_chris_v3,16,1,1,1,88,156,0x01
pmc_hum_chris_v3,17,1,1,1,108,172,0x01
pmc_hum_chris_v3,18,1,1,1,88,156,0x01
pmc_hum_chris_v3,19,1,15,12,3585,5745,0x01
pmc_hum_chris_v3,20,6,46,45,3696,6058,0x01
pmc_hum_chris_v3,21,2,46,8,2803,3742,0x01
pmc_hum_chris_v3,22,1,23,20,4762,14014,0x01
pmc_hum_chris_v3,23,2,29,8,936,1596,0x01
pmc_hum_chris_v3,24,1,2,2,169,268,0x01
pmc_hum_chris_chickensuit,2,2,30,6,39,49,0x08
pmc_hum_chris_chickensuit,3,2,26,5,24,20,0x08
pmc_hum_chris_chickensuit,4,1,13,10,134,150,0x08
pmc_hum_chris_chickensuit,5,7,44,42,199,216,0x08
pmc_hum_chris_chickensuit,6,3,27,21,315,474,0x08
pmc_hum_chris_chickensuit,7,2,45,17,3038,2458,0x04
pmc_hum_chris_chickensuit,8,1,10,5,1068,972,0x04
pmc_hum_chris_chickensuit,9,1,50,5,660,330,0x04
pmc_hum_chris_chickensuit,10,2,30,6,104,148,0x04
pmc_hum_chris_chickensuit,11,2,30,6,57,55,0x04
pmc_hum_chris_chickensuit,12,1,13,10,259,398,0x04
pmc_hum_chris_chickensuit,13,5,46,45,438,570,0x04
pmc_hum_chris_chickensuit,14,2,30,22,691,1210,0x04
pmc_hum_chris_chickensuit,15,2,45,17,3038,2458,0x02
pmc_hum_chris_chickensuit,16,1,10,5,1068,972,0x02
pmc_hum_chris_chickensuit,17,1,50,5,660,330,0x02
pmc_hum_chris_chickensuit,18,2,30,22,1388,2426,0x02
pmc_hum_chris_chickensuit,19,2,30,6,220,313,0x02
pmc_hum_chris_chickensuit,20,1,21,3,111,124,0x02
pmc_hum_chris_chickensuit,21,1,13,10,517,829,0x02
pmc_hum_chris_chickensuit,22,6,47,45,831,1160,0x02
pmc_hum_chris_chickensuit,23,1,1,1,102,172,0x01
pmc_hum_chris_chickensuit,24,1,1,1,85,156,0x01
pmc_hum_chris_chickensuit,25,1,1,1,102,172,0x01
pmc_hum_chris_chickensuit,26,1,1,1,85,156,0x01
pmc_hum_chris_chickensuit,27,2,30,7,341,604,0x01
pmc_hum_chris_chickensuit,28,1,21,3,229,314,0x01
pmc_hum_chris_chickensuit,29,1,50,5,660,330,0x01
pmc_hum_chris_chickensuit,30,1,13,10,936,1632,0x01
pmc_hum_chris_chickensuit,31,1,10,5,1068,972,0x01
pmc_hum_chris_chickensuit,32,6,48,46,1477,2351,0x01
pmc_hum_chris_chickensuit,33,2,45,19,3038,2458,0x01
pmc_hum_chris_chickensuit,34,1,24,20,4767,14032,0x01
pmc_hum_chris_chickensuit,35,2,30,8,918,1569,0x01
global_env_palmtree01,12,1,1,1,5,4,0x07
global_env_palmtree01,13,1,2,2,22,18,0x04
global_env_palmtree01,14,1,2,2,116,137,0x04
global_env_palmtree01,15,1,1,1,22,24,0x04
global_env_palmtree01,16,1,1,1,26,34,0x04
global_env_palmtree01,17,1,1,1,22,24,0x04
global_env_palmtree01,18,1,1,1,24,26,0x04
global_env_palmtree01,19,1,1,1,24,26,0x04
global_env_palmtree01,20,1,1,1,22,24,0x04
global_env_palmtree01,21,1,1,1,22,24,0x04
global_env_palmtree01,22,1,1,1,22,22,0x04
global_env_palmtree01,23,1,1,1,20,22,0x04
global_env_palmtree01,24,1,1,1,28,34,0x04
global_env_palmtree01,25,1,1,1,20,22,0x04
global_env_palmtree01,26,1,1,1,30,40,0x04
global_env_palmtree01,27,1,1,1,20,24,0x04
global_env_palmtree01,28,1,1,1,18,20,0x04
global_env_palmtree01,29,1,1,1,20,22,0x04
global_env_palmtree01,30,1,1,1,36,46,0x04
global_env_palmtree01,31,1,1,1,24,28,0x04
global_env_palmtree01,32,1,4,2,16,16,0x04
global_env_palmtree01,33,1,3,2,16,14,0x04
jungle_env_treemedium01,17,1,6,6,389,410,0x04
jungle_env_treemedium01,18,1,6,6,116,58,0x04
jungle_env_treemedium01,20,1,4,2,37,17,0x07
jungle_env_treemedium01,21,1,4,2,32,14,0x07
jungle_env_treemedium01,22,1,5,2,33,15,0x07
jungle_env_treemedium01,23,1,5,2,46,20,0x07
jungle_env_treemedium01,24,1,5,2,37,17,0x07
jungle_env_treemedium01,25,1,4,2,20,10,0x07
jungle_env_treemedium01,26,1,4,2,44,20,0x07
jungle_env_treemedium01,27,1,4,2,20,10,0x07
jungle_env_treemedium01,28,1,4,2,38,18,0x07
jungle_env_treemedium01,29,1,5,2,41,19,0x07
jungle_env_treemedium01,30,1,5,3,50,22,0x07
jungle_env_treemedium01,31,1,5,2,32,14,0x07
jungle_env_treemedium01,32,1,5,2,34,16,0x07
jungle_env_treemedium01,33,1,4,2,28,14,0x07
jungle_env_treemedium01,34,1,4,2,38,18,0x07
jungle_env_treemedium01,35,1,4,2,39,17,0x07
jungle_env_treemedium01,36,1,4,2,34,16,0x07
jungle_env_treemedium01,37,1,3,2,7,3,0x07
jungle_env_treemedium01,38,1,4,3,27,13,0x07
jungle_env_treemedium01,39,1,4,3,28,14,0x07
jungle_env_treemedium01,40,1,3,2,4,2,0x07
jungle_env_treemedium01,41,1,3,2,16,8,0x07
jungle_env_treemedium01,42,1,4,3,22,10,0x07
jungle_env_treemedium01,43,1,2,2,28,14,0x07
jungle_env_treemedium01,44,1,3,2,20,10,0x07
jungle_env_treemedium01,45,1,4,3,26,12,0x07
jungle_env_treemedium01,46,1,3,2,22,10,0x07
jungle_env_treemedium01,47,1,6,2,39,19,0x07
jungle_env_treemedium01,48,1,3,2,39,17,0x07
jungle_env_treemedium01,49,1,3,2,22,10,0x07
jungle_env_treemedium01,50,1,3,2,26,12,0x07
jungle_env_treemedium01,51,1,3,2,27,13,0x07
jungle_env_treemedium01,52,1,3,2,28,12,0x07
jungle_env_treemedium01,53,1,4,2,29,13,0x07
jungle_env_treemedium01,54,1,6,2,24,12,0x07
jungle_env_treemedium01,55,1,4,2,34,16,0x07
jungle_env_treemedium01,56,1,4,2,39,19,0x07
jungle_env_treemedium01,57,1,6,3,32,16,0x07
jungle_env_treemedium01,58,1,4,2,8,4,0x07
jungle_env_treemedium01,59,1,6,2,33,15,0x07
jungle_env_treemedium01,60,1,6,3,39,19,0x07
jungle_env_treemedium01,61,1,6,2,14,6,0x07
jungle_env_treemedium01,62,1,5,2,4,2,0x07
jungle_env_treemedium01,63,1,6,3,41,19,0x07
jungle_env_treemedium01,64,1,6,3,46,22,0x07
jungle_env_treemedium01,65,1,5,2,4,2,0x07
jungle_env_treemedium01,66,1,5,2,4,2,0x07
jungle_env_treemedium01,67,1,5,2,32,14,0x07
jungle_env_treemedium01,68,1,2,2,31,15,0x07
jungle_env_treemedium01,69,1,2,2,29,13,0x07
jungle_env_treemedium01,70,1,2,2,11,5,0x07
jungle_env_treemedium01,71,1,2,2,8,4,0x07
jungle_env_treemedium01,72,1,3,3,27,13,0x07
jungle_env_treemedium01,73,1,2,2,23,11,0x07
jungle_env_treemedium01,74,1,5,2,35,17,0x07
jungle_env_treemedium01,75,1,5,3,46,22,0x07
jungle_env_treemedium01,76,1,6,2,31,15,0x07
jungle_env_treemedium01,77,1,5,2,4,2,0x07
jungle_env_treemedium01,78,1,6,3,44,22,0x07
jungle_env_treemedium01,79,1,5,2,26,12,0x07
jungle_env_treemedium01,80,1,5,3,35,17,0x07
jungle_env_treemedium01,81,1,6,2,24,12,0x07
jungle_env_treemedium01,82,1,2,2,24,12,0x07
jungle_env_treemedium01,83,1,1,1,11,5,0x07
jungle_env_treemedium01,84,1,1,1,29,13,0x07
jungle_env_treemedium01,85,1,2,2,19,9,0x07
jungle_env_treemedium01,86,1,1,1,19,9,0x07
jungle_env_treemedium01,87,1,3,2,24,12,0x07
jungle_env_treemedium01,88,1,1,1,8,4,0x07
jungle_env_treemedium01,89,1,1,1,16,8,0x07
jungle_env_treemedium01,90,1,3,2,23,11,0x07
jungle_env_treemedium01,91,1,2,2,32,16,0x07
jungle_env_treemedium01,92,1,2,2,42,18,0x07
jungle_env_treemedium01,93,1,2,2,24,12,0x07
jungle_env_treemedium01,94,1,2,2,31,15,0x07
jungle_env_treemedium01,95,1,6,2,24,12,0x07
jungle_env_treemedium01,96,1,2,2,14,6,0x07
jungle_env_treemedium01,97,1,6,2,50,24,0x07
jungle_env_treemedium01,98,1,6,2,36,18,0x07
jungle_env_treemedium01,99,1,1,1,4,2,0x07
jungle_env_treemedium01,100,1,2,2,18,8,0x07
jungle_env_treemedium01,101,1,2,2,24,12,0x07
jungle_env_treemedium01,102,1,6,3,19,9,0x07
jungle_env_treemedium01,103,1,3,2,24,12,0x07
jungle_env_treemedium01,104,1,4,3,30,14,0x07
jungle_env_treemedium01,105,1,2,2,32,16,0x07
jungle_env_treemedium01,106,1,6,2,24,12,0x07
jungle_env_treemedium01,107,1,6,2,15,7,0x07
jungle_env_treemedium01,108,1,6,2,19,9,0x07
jungle_env_treemedium01,109,1,3,2,26,12,0x07
jungle_env_treemedium01,110,1,2,2,27,13,0x07
jungle_env_treemedium01,111,1,4,2,7,3,0x07
jungle_env_treemedium01,112,1,6,3,27,13,0x07
jungle_env_treemedium01,113,1,2,2,28,14,0x07
jungle_env_treemedium01,114,1,6,2,24,12,0x07
vz_hum_soldierelite_a,0,1,4,3,159,240,0x08
vz_hum_soldierelite_a,1,2,28,10,146,167,0x08
vz_hum_soldierelite_a,2,4,47,44,230,209,0x08
civ_hum_beachfemale_b,0,1,2,2,91,55,0x08
civ_hum_beachfemale_b,1,1,6,3,61,100,0x08
civ_hum_beachfemale_b,2,1,11,9,183,199,0x08
civ_hum_beachfemale_b,3,4,45,43,317,330,0x08
0x7CB86FC9,0,1,1,1,12,6,0x08
0x7CB86FC9,1,1,6,3,84,120,0x08
0x7CB86FC9,2,1,6,3,96,148,0x08
0x7CB86FC9,3,1,6,3,110,158,0x08
0x7CB86FC9,4,1,6,3,79,118,0x08
0x7CB86FC9,5,1,6,3,77,124,0x08
0x7CB86FC9,6,1,6,3,73,116,0x08
0x7CB86FC9,7,1,6,3,96,137,0x08
0x7CB86FC9,8,1,11,9,106,117,0x08
0x7CB86FC9,9,4,47,44,173,182,0x08
0x7CB86FC9,10,2,23,13,418,542,0x08
pmc_hum_chris_v4,0,1,14,10,216,223,0x08
pmc_hum_chris_v4,1,2,30,22,124,194,0x08
pmc_hum_chris_v4,2,5,47,46,261,299,0x08
pmc_hum_chris_v4,3,1,18,9,53,44,0x08
pmc_hum_chris_v4,4,1,14,10,506,647,0x04
pmc_hum_chris_v4,5,5,47,46,549,733,0x04
pmc_hum_chris_v4,6,2,30,22,250,406,0x04
pmc_hum_chris_v4,7,1,19,12,77,78,0x04
pmc_hum_chris_v4,8,1,1,1,29,40,0x02
pmc_hum_chris_v4,9,1,1,1,30,40,0x02
pmc_hum_chris_v4,10,5,47,46,1129,1582,0x02
pmc_hum_chris_v4,11,2,30,22,498,806,0x02
pmc_hum_chris_v4,12,1,14,10,760,1069,0x02
pmc_hum_chris_v4,13,1,51,5,88,46,0x02
pmc_hum_chris_v4,14,1,19,14,177,166,0x02
pmc_hum_chris_v4,15,1,1,1,102,172,0x01
pmc_hum_chris_v4,16,1,1,1,85,156,0x01
pmc_hum_chris_v4,17,1,1,1,102,172,0x01
pmc_hum_chris_v4,18,1,1,1,85,156,0x01
pmc_hum_chris_v4,19,1,23,20,4883,14036,0x01
pmc_hum_chris_v4,20,2,30,8,923,1567,0x01
pmc_hum_chris_v4,21,1,51,5,96,52,0x01
pmc_hum_chris_v4,22,1,1,1,353,384,0x01
pmc_hum_chris_v4,23,1,14,10,1713,2512,0x01
pmc_hum_chris_v4,24,5,47,46,1902,3014,0x01
0x80F7BF4D,0,1,1,1,352,470,0x0F
0x80F7BF4D,1,1,1,1,272,382,0x0F
0x80F7BF4D,2,1,24,22,1596,3003,0x0F
0x80F7BF4D,3,1,14,8,100,118,0x0F
0x80F7BF4D,4,1,1,1,1382,1635,0x0F
0x80F7BF4D,5,1,1,1,1409,1658,0x0F
0x80F7BF4D,6,1,2,2,169,272,0x0F
0x80F7BF4D,7,1,1,1,72,85,0x0F
0x80F7BF4D,8,1,9,9,1501,2190,0x0F
0x80F7BF4D,9,4,47,45,1738,5120,0x0F
global_env_treesidewalk01,16,1,4,4,633,484,0x07
global_env_treesidewalk01,17,1,2,2,14,6,0x07
global_env_treesidewalk01,18,1,4,2,14,6,0x07
global_env_treesidewalk01,19,1,4,2,14,6,0x07
global_env_treesidewalk01,20,1,2,2,14,6,0x07
global_env_treesidewalk01,21,1,2,2,14,6,0x07
global_env_treesidewalk01,22,1,2,2,14,6,0x07
global_env_treesidewalk01,23,1,4,2,14,6,0x07
global_env_treesidewalk01,24,1,4,2,14,6,0x07
global_env_treesidewalk01,25,1,4,2,14,6,0x07
global_env_treesidewalk01,26,1,3,2,14,6,0x07
global_env_treesidewalk01,27,1,3,2,14,6,0x07
global_env_treesidewalk01,28,1,2,2,14,6,0x07
global_env_treesidewalk01,29,1,2,2,14,6,0x07
global_env_treesidewalk01,30,1,3,2,14,6,0x07
global_env_treesidewalk01,31,1,3,2,14,6,0x07
global_env_treesidewalk01,32,1,3,2,14,6,0x07
global_env_treesidewalk01,34,1,4,4,24,12,0x07
global_env_treesidewalk01,35,1,3,3,24,12,0x07
global_env_treesidewalk01,36,1,4,4,20,10,0x07
global_env_treesidewalk01,37,1,4,4,32,16,0x07
global_env_treesidewalk01,38,1,3,3,8,4,0x07
global_env_treesidewalk01,39,1,3,3,20,10,0x07
global_env_treesidewalk01,40,1,4,3,24,12,0x07
global_env_treesidewalk01,41,1,4,3,26,12,0x07
global_env_treesidewalk01,42,1,4,3,16,8,0x07
global_env_treesidewalk01,43,1,2,2,4,2,0x07
global_env_treesidewalk01,44,1,4,3,12,6,0x07
global_env_treesidewalk01,45,1,3,3,16,8,0x07
global_env_treesidewalk01,46,1,4,3,12,6,0x07
global_env_treesidewalk01,47,1,3,3,8,4,0x07
global_env_treesidewalk01,48,1,4,4,16,8,0x07
global_env_treesidewalk01,49,1,4,4,26,12,0x07
global_env_treesidewalk01,50,1,3,3,16,8,0x07
global_env_treesidewalk01,51,1,4,4,24,12,0x07
global_env_treesidewalk01,52,1,4,4,12,6,0x07
global_env_treesidewalk01,53,1,4,4,24,12,0x07
global_env_treesidewalk01,54,1,4,4,20,10,0x07
global_env_treesidewalk01,55,1,4,4,36,18,0x07
global_env_treesidewalk01,56,1,3,3,8,4,0x07
global_env_palmtreebend05,10,1,2,2,84,52,0x04
global_env_palmtreebend05,11,1,1,1,24,24,0x04
global_env_palmtreebend05,12,1,1,1,24,24,0x04
global_env_palmtreebend05,13,1,1,1,24,24,0x04
global_env_palmtreebend05,14,1,1,1,24,24,0x04
global_env_palmtreebend05,15,1,1,1,18,16,0x04
global_env_palmtreebend05,16,1,1,1,24,24,0x04
global_env_palmtreebend05,17,1,1,1,24,24,0x04
global_env_palmtreebend05,18,1,1,1,24,24,0x04
global_env_palmtreebend05,19,1,1,1,24,24,0x04
global_env_palmtreebend05,20,1,1,1,24,24,0x04
global_env_palmtreebend05,21,1,1,1,24,24,0x04
global_env_palmtreebend05,22,1,1,1,24,24,0x04
global_env_palmtreebend05,23,1,1,1,18,16,0x04
global_env_palmtreebend05,24,1,1,1,24,24,0x04
global_env_palmtreebend05,25,1,1,1,24,24,0x04
global_env_palmtreebend05,26,1,1,1,18,16,0x04
global_env_palmtreebend05,27,1,1,1,24,24,0x04
global_env_palmtreebend05,28,1,4,2,18,16,0x04
global_env_palmtreebend05,29,1,2,2,18,16,0x04
global_env_palmtreebend05,30,1,5,2,18,16,0x04
global_env_palmtreebend05,31,1,1,1,5,4,0x07
jungle_env_smallcanopy02,12,1,5,5,88,83,0x04
jungle_env_smallcanopy02,13,1,5,5,82,40,0x04
jungle_env_smallcanopy02,15,1,2,2,40,20,0x07
jungle_env_smallcanopy02,16,1,5,3,36,18,0x07
jungle_env_smallcanopy02,17,1,2,2,34,16,0x07
jungle_env_smallcanopy02,18,1,3,3,32,16,0x07
jungle_env_smallcanopy02,19,1,2,2,28,14,0x07
jungle_env_smallcanopy02,20,1,4,2,46,22,0x07
jungle_env_smallcanopy02,21,1,4,3,20,10,0x07
jungle_env_smallcanopy02,22,1,2,2,36,18,0x07
jungle_env_smallcanopy02,23,1,3,2,28,14,0x07
jungle_env_smallcanopy02,24,1,3,2,24,12,0x07
jungle_env_smallcanopy02,25,1,3,2,20,10,0x07
jungle_env_smallcanopy02,26,1,4,2,30,14,0x07
jungle_env_smallcanopy02,27,1,3,2,32,16,0x07
0x8BC154D7,0,4,45,44,177,185,0x08
0x8BC154D7,1,4,45,43,259,208,0x08
0x8BC154D7,2,1,10,10,150,160,0x08
0x8BC154D7,3,1,10,10,221,160,0x08
0x8BC154D7,4,1,4,3,125,218,0x08
0x8BC154D7,5,1,4,3,135,216,0x08
0x8BC154D7,6,2,21,8,524,698,0x08
0x8BC154D7,7,1,4,3,144,212,0x08
0x8BC154D7,8,1,4,3,148,212,0x08
gr_hum_starter_3,0,1,18,10,222,348,0x0F
gr_hum_starter_3,1,2,28,13,759,900,0x0F
gr_hum_starter_3,2,2,28,22,1889,3472,0x0F
gr_hum_starter_3,3,2,28,8,121,174,0x0F
gr_hum_starter_3,4,1,16,5,102,120,0x0F
gr_hum_starter_3,5,1,11,9,1068,1750,0x0F
gr_hum_starter_3,6,4,45,44,1301,4276,0x0F
gr_hum_starter_3,7,2,28,15,81,108,0x0F
gr_hum_starter_3,8,1,1,1,310,309,0x0F
gr_hum_starter_3,9,1,1,1,250,235,0x0F
gr_hum_starter_3,10,1,2,2,79,116,0x0F
pr_hum_starter05,0,1,12,10,130,128,0x08
pr_hum_starter05,1,7,48,47,230,235,0x08
pr_hum_starter05,2,2,28,10,145,220,0x08
civ_hum_journalist_a,0,2,28,5,112,130,0x08
civ_hum_journalist_a,1,1,12,10,195,168,0x08
civ_hum_journalist_a,2,6,44,41,334,253,0x08
civ_hum_doctorfemale,0,1,12,10,143,163,0x08
civ_hum_doctorfemale,1,7,48,47,206,210,0x08
civ_hum_doctorfemale,2,2,28,5,95,134,0x08
civ_hum_beachfemale_d,0,1,6,3,83,130,0x08
civ_hum_beachfemale_d,1,1,11,9,166,178,0x08
civ_hum_beachfemale_d,2,2,56,42,281,289,0x08
0x949187D0,0,1,4,3,117,203,0x08
0x949187D0,1,1,4,3,116,204,0x08
0x949187D0,2,1,4,3,116,200,0x08
0x949187D0,3,1,4,3,114,200,0x08
0x949187D0,4,1,4,3,118,203,0x08
0x949187D0,5,1,4,3,116,184,0x08
0x949187D0,6,1,4,3,80,137,0x08
0x949187D0,7,4,48,43,202,183,0x08
0x949187D0,8,2,28,10,110,124,0x08
0x949187D0,9,1,1,1,39,32,0x08
pr_hum_starter03,0,1,1,1,87,118,0x0F
pr_hum_starter03,1,1,21,7,112,132,0x0F
pr_hum_starter03,2,1,1,1,1515,505,0x0F
pr_hum_starter03,3,4,23,22,985,1640,0x0F
pr_hum_starter03,4,1,12,10,988,1562,0x0F
pr_hum_starter03,5,5,46,45,1604,4776,0x0F
pr_hum_starter03,6,1,1,1,128,128,0x0F
pr_hum_starter03,7,1,25,13,74,98,0x0F
pr_hum_starter03,8,1,1,1,310,309,0x0F
pr_hum_starter03,9,1,1,1,250,235,0x0F
pr_hum_starter03,10,1,2,2,79,116,0x0F
pmc_hum_chris_v2,0,2,33,21,964,473,0x08
pmc_hum_chris_v2,1,1,14,10,483,225,0x08
pmc_hum_chris_v2,2,1,10,8,235,91,0x08
pmc_hum_chris_v2,3,6,46,45,425,852,0x08
pmc_hum_chris_v2,4,2,33,22,1849,1209,0x04
pmc_hum_chris_v2,5,1,14,10,704,853,0x04
pmc_hum_chris_v2,6,6,46,45,843,2086,0x04
pmc_hum_chris_v2,7,1,20,15,353,384,0x02
pmc_hum_chris_v2,8,2,33,22,1389,2427,0x02
pmc_hum_chris_v2,9,1,14,10,1263,3492,0x02
pmc_hum_chris_v2,10,1,57,5,96,52,0x02
pmc_hum_chris_v2,11,1,58,4,88,92,0x02
pmc_hum_chris_v2,12,6,46,45,1524,4192,0x02
pmc_hum_chris_v2,13,1,1,1,108,172,0x01
pmc_hum_chris_v2,14,1,1,1,88,156,0x01
pmc_hum_chris_v2,15,1,1,1,108,172,0x01
pmc_hum_chris_v2,16,1,1,1,88,156,0x01
pmc_hum_chris_v2,17,1,1,1,353,384,0x01
pmc_hum_chris_v2,18,1,14,10,2314,6906,0x01
pmc_hum_chris_v2,19,1,1,1,88,92,0x01
pmc_hum_chris_v2,20,1,57,5,96,52,0x01
pmc_hum_chris_v2,21,1,57,5,167,116,0x01
pmc_hum_chris_v2,22,1,17,3,72,120,0x01
pmc_hum_chris_v2,23,1,23,20,4767,14032,0x01
pmc_hum_chris_v2,24,2,33,8,918,1569,0x01
pmc_hum_chris_v2,25,6,46,45,2794,8728,0x01
global_env_palmtreeplanted01,12,1,2,2,105,120,0x04
global_env_palmtreeplanted01,13,1,1,1,88,56,0x04
global_env_palmtreeplanted01,14,1,5,2,32,32,0x04
global_env_palmtreeplanted01,15,1,1,1,70,96,0x04
global_env_palmtreeplanted01,16,1,1,1,36,40,0x04
global_env_palmtreeplanted01,17,1,1,1,36,40,0x04
global_env_palmtreeplanted01,18,1,1,1,36,40,0x04
global_env_palmtreeplanted01,19,1,1,1,30,32,0x04
global_env_palmtreeplanted01,20,1,1,1,36,40,0x04
global_env_palmtreeplanted01,21,1,1,1,24,24,0x04
global_env_palmtreeplanted01,22,1,1,1,36,40,0x04
global_env_palmtreeplanted01,23,1,1,1,36,40,0x04
global_env_palmtreeplanted01,24,1,1,1,30,32,0x04
global_env_palmtreeplanted01,25,1,1,1,42,48,0x04
global_env_palmtreeplanted01,26,1,1,1,30,32,0x04
global_env_palmtreeplanted01,27,1,1,1,24,24,0x04
global_env_palmtreeplanted01,28,1,1,1,30,32,0x04
global_env_palmtreeplanted01,29,1,1,1,30,32,0x04
global_env_palmtreeplanted01,30,1,1,1,30,32,0x04
global_env_palmtreeplanted01,31,1,3,2,36,32,0x04
global_env_palmtreeplanted01,32,1,4,2,34,32,0x04
global_env_palmtreeplanted01,33,1,1,1,5,4,0x07
jungle_env_smallcanopy01,12,1,2,2,14,6,0x07
jungle_env_smallcanopy01,13,1,2,2,14,6,0x07
jungle_env_smallcanopy01,14,1,2,2,14,6,0x07
jungle_env_smallcanopy01,15,1,2,2,14,6,0x07
jungle_env_smallcanopy01,16,1,2,2,14,6,0x07
jungle_env_smallcanopy01,17,1,2,2,14,6,0x07
jungle_env_smallcanopy01,18,1,2,2,14,6,0x07
jungle_env_smallcanopy01,19,1,4,4,222,133,0x07
jungle_env_smallcanopy01,21,1,3,3,20,10,0x07
jungle_env_smallcanopy01,22,1,2,2,32,16,0x07
jungle_env_smallcanopy01,23,1,3,2,24,12,0x07
jungle_env_smallcanopy01,24,1,3,3,20,10,0x07
jungle_env_smallcanopy01,25,1,3,3,32,16,0x07
jungle_env_smallcanopy01,26,1,3,3,28,14,0x07
jungle_env_smallcanopy01,27,1,4,4,20,10,0x07
jungle_env_smallcanopy01,28,1,4,3,24,12,0x07
0xA3BFC1E6,0,5,49,46,235,217,0x08
0xA3BFC1E6,1,1,4,3,75,129,0x08
0xA3BFC1E6,2,2,28,10,127,130,0x08
pmc_hum_mattias_v3,0,1,8,4,5024,4504,0x01
pmc_hum_mattias_v3,1,1,15,3,148,138,0x01
pmc_hum_mattias_v3,2,1,17,9,3705,5012,0x01
pmc_hum_mattias_v3,3,1,33,25,3109,8432,0x01
pmc_hum_mattias_v3,4,1,25,9,554,846,0x01
pmc_hum_mattias_v3,5,1,21,8,133,244,0x01
pmc_hum_mattias_v3,6,4,46,44,3184,10360,0x01
pmc_hum_mattias_v3,7,1,15,4,149,138,0x02
pmc_hum_mattias_v3,8,1,33,23,829,1391,0x02
pmc_hum_mattias_v3,9,1,17,9,2109,2528,0x02
pmc_hum_mattias_v3,10,1,25,6,5026,4504,0x02
pmc_hum_mattias_v3,11,4,46,44,1711,5036,0x02
pmc_hum_mattias_v3,12,1,33,23,405,690,0x04
pmc_hum_mattias_v3,13,1,17,9,820,1169,0x04
pmc_hum_mattias_v3,14,1,25,6,6437,4504,0x04
pmc_hum_mattias_v3,15,4,46,44,955,2504,0x04
pmc_hum_mattias_v3,16,1,33,22,177,271,0x08
pmc_hum_mattias_v3,17,5,45,43,372,438,0x08
pmc_hum_mattias_v3,18,1,17,9,288,374,0x08
groutpost_interior_hq,6,1,7,7,558,705,0x03
groutpost_interior_hq,7,1,7,7,552,706,0x03
vz_hum_captain,0,1,17,6,49,40,0x08
vz_hum_captain,1,2,28,7,199,356,0x08
vz_hum_captain,2,1,11,9,153,172,0x08
vz_hum_captain,3,7,48,42,197,192,0x08
vz_hum_captain,4,1,1,1,70,60,0x08
0xADD11AC5,0,2,28,10,131,124,0x08
0xADD11AC5,1,1,4,3,113,181,0x08
0xADD11AC5,2,5,49,44,249,215,0x08
0xB0A0930E,0,1,1,1,27,20,0x08
0xB0A0930E,1,1,1,1,27,20,0x08
0xB0A0930E,2,1,1,1,20,17,0x08
0xB0A0930E,3,1,6,3,85,120,0x08
0xB0A0930E,4,1,6,3,96,148,0x08
0xB0A0930E,5,1,6,3,110,158,0x08
0xB0A0930E,6,1,6,3,79,118,0x08
0xB0A0930E,7,1,6,3,77,124,0x08
0xB0A0930E,8,1,6,3,73,116,0x08
0xB0A0930E,9,1,6,3,96,137,0x08
0xB0A0930E,10,1,11,9,133,117,0x08
0xB0A0930E,11,1,11,9,107,121,0x08
0xB0A0930E,12,1,11,9,103,115,0x08
0xB0A0930E,13,1,11,9,118,129,0x08
0xB0A0930E,14,1,11,9,106,117,0x08
0xB0A0930E,15,4,46,43,196,167,0x08
0xB0A0930E,16,5,42,40,216,189,0x08
0xB0A0930E,17,4,47,44,183,190,0x08
0xB0A0930E,18,5,45,43,196,188,0x08
0xB0A0930E,19,5,44,40,193,179,0x08
vz_hum_deathsquad_b,0,2,21,11,32,32,0x08
vz_hum_deathsquad_b,1,2,28,10,165,172,0x08
vz_hum_deathsquad_b,2,5,49,45,219,198,0x08
vz_hum_deathsquad_b,3,1,4,3,85,132,0x08
pmc_hum_blanco,0,2,28,22,270,402,0x08
pmc_hum_blanco,1,1,12,10,172,174,0x08
pmc_hum_blanco,2,2,42,9,92,93,0x08
pmc_hum_blanco,3,5,46,44,245,223,0x08
pmc_hum_hoang,0,1,23,5,486,710,0x08
pmc_hum_hoang,1,1,11,9,159,196,0x08
pmc_hum_hoang,2,2,56,44,231,217,0x08
pmc_hum_hoang,3,2,28,22,134,236,0x08
pmc_hum_fiona_unlockable,0,2,30,5,327,545,0x08
pmc_hum_fiona_unlockable,1,1,13,9,309,438,0x08
pmc_hum_fiona_unlockable,2,2,41,10,73,84,0x08
pmc_hum_fiona_unlockable,3,2,44,16,546,709,0x08
pmc_hum_stealth,0,4,45,44,1518,2367,0x08
pmc_hum_stealth,1,4,24,22,1158,2174,0x08
pmc_hum_stealth,2,1,12,10,1069,1724,0x08
al_hum_starter01,0,2,28,22,2092,3498,0x0F
al_hum_starter01,1,1,12,10,898,1334,0x0F
al_hum_starter01,2,7,48,47,2614,2970,0x0F
al_hum_starter01,3,1,26,14,152,254,0x0F
al_hum_starter01,4,1,2,2,169,272,0x0F
pr_hum_starter02,0,1,1,1,334,204,0x0F
pr_hum_starter02,1,2,41,8,120,108,0x0F
pr_hum_starter02,2,2,28,3,74,100,0x0F
pr_hum_starter02,3,2,28,5,290,192,0x0F
pr_hum_starter02,4,2,28,22,958,1772,0x0F
pr_hum_starter02,5,1,1,1,64,48,0x0F
pr_hum_starter02,6,1,12,10,1530,4326,0x0F
pr_hum_starter02,7,5,46,45,1662,4920,0x0F
pr_hum_starter02,8,2,28,16,75,102,0x0F
pr_hum_starter02,9,1,1,1,309,304,0x0F
pr_hum_starter02,10,1,1,1,250,235,0x0F
pr_hum_starter02,11,1,2,2,79,116,0x0F
pmc_hum_helipilot_unlockable,0,2,29,12,280,485,0x08
pmc_hum_helipilot_unlockable,1,1,12,10,344,441,0x08
pmc_hum_helipilot_unlockable,2,3,44,43,516,542,0x08
pmc_hum_proppilot,0,1,26,20,2797,5154,0x0F
pmc_hum_proppilot,1,1,12,10,2546,3917,0x0F
pmc_hum_proppilot,2,4,46,45,4061,6540,0x0F
pmc_hum_proppilot,3,1,23,3,682,1147,0x0F
pmc_hum_proppilot,4,1,2,2,169,272,0x0F
0xBC65582A,0,2,28,22,108,180,0x08
0xBC65582A,1,2,28,22,83,140,0x08
0xBC65582A,2,2,28,22,112,180,0x08
0xBC65582A,3,2,28,22,89,142,0x08
0xBC65582A,4,1,11,9,144,179,0x08
0xBC65582A,5,4,45,44,216,212,0x08
0xBC65582A,6,1,18,7,37,37,0x08
0xBCBA07EE,0,1,28,5,78,129,0x08
0xBCBA07EE,1,1,28,5,93,160,0x08
0xBCBA07EE,2,1,28,5,81,137,0x08
0xBCBA07EE,3,1,28,5,72,119,0x08
0xBCBA07EE,4,1,28,5,86,144,0x08
0xBCBA07EE,5,1,28,5,80,109,0x08
0xBCBA07EE,6,2,32,10,131,161,0x08
0xBCBA07EE,7,2,32,10,178,150,0x08
0xBCBA07EE,8,2,32,10,197,173,0x08
0xBCBA07EE,9,2,32,10,95,102,0x08
0xBCBA07EE,10,2,32,9,99,95,0x08
0xBCBA07EE,11,5,46,44,180,171,0x08
0xBCBA07EE,12,4,36,26,109,113,0x08
0xBCBA07EE,13,2,58,33,146,155,0x08
0xBCBA07EE,14,4,39,27,127,138,0x08
0xBCBA07EE,15,4,40,24,111,126,0x08
0xBCBA07EE,16,1,1,1,18,14,0x08
global_env_treeplaza01,20,1,4,4,395,338,0x04
global_env_treeplaza01,21,1,4,4,81,27,0x04
global_env_treeplaza01,23,1,3,2,48,24,0x07
global_env_treeplaza01,24,1,3,2,54,26,0x07
global_env_treeplaza01,25,1,2,2,44,22,0x07
global_env_treeplaza01,26,1,3,2,56,26,0x07
global_env_treeplaza01,27,1,2,2,64,32,0x07
global_env_treeplaza01,28,1,2,2,58,24,0x07
global_env_treeplaza01,29,1,3,2,36,18,0x07
global_env_treeplaza01,30,1,4,2,50,24,0x07
global_env_treeplaza01,31,1,3,2,46,22,0x07
global_env_treeplaza01,32,1,2,2,60,26,0x07
global_env_treeplaza01,33,1,3,2,58,26,0x07
global_env_treeplaza01,34,1,3,2,50,24,0x07
global_env_treeplaza01,35,1,2,2,42,20,0x07
global_env_treeplaza01,36,1,4,2,42,20,0x07
global_env_treeplaza01,37,1,2,2,46,22,0x07
oc_hum_executive,0,1,6,3,145,252,0x08
oc_hum_executive,1,1,11,9,117,123,0x08
oc_hum_executive,2,5,45,43,216,209,0x08
vz_hum_carmona,0,2,28,9,291,506,0x08
vz_hum_carmona,1,1,11,9,159,178,0x08
vz_hum_carmona,2,8,47,46,322,336,0x08
vz_hum_carmona,3,2,28,9,322,511,0x08
pmc_hum_eva,1,4,47,45,3656,6023,0x01
pmc_hum_eva,2,1,6,3,1372,2405,0x01
pmc_hum_eva,3,1,9,9,3096,4456,0x01
pmc_hum_eva,4,4,47,45,2050,2910,0x02
pmc_hum_eva,5,1,6,3,722,1136,0x02
pmc_hum_eva,6,1,9,9,1744,2141,0x02
pmc_hum_eva,7,4,47,45,1133,1452,0x04
pmc_hum_eva,8,1,6,3,381,503,0x04
pmc_hum_eva,9,1,9,9,991,1019,0x04
pmc_hum_eva,10,5,46,44,581,499,0x08
pmc_hum_eva,11,1,6,3,137,190,0x08
pmc_hum_eva,12,1,9,9,445,342,0x08
gr_hum_boss,0,1,12,2,80,60,0x0F
gr_hum_boss,1,1,17,5,258,434,0x0F
gr_hum_boss,2,1,5,2,85,115,0x0F
gr_hum_boss,3,1,9,3,102,120,0x0F
gr_hum_boss,4,1,17,4,793,1145,0x0F
gr_hum_boss,5,2,28,22,1101,2046,0x0F
gr_hum_boss,6,1,11,9,1201,1868,0x0F
gr_hum_boss,7,4,45,44,1729,5012,0x0F
gr_hum_boss,8,1,22,13,78,106,0x0F
gr_hum_boss,9,1,1,1,890,945,0x0F
gr_hum_boss,10,1,1,1,1063,973,0x0F
gr_hum_boss,11,1,2,2,169,272,0x0F
jungle_env_treetall01,11,1,4,4,243,203,0x08
jungle_env_treetall01,13,1,4,4,66,28,0x0F
jungle_env_treetall01,14,1,2,2,66,28,0x0F
jungle_env_treetall01,15,1,3,3,66,28,0x0F
jungle_env_treetall01,16,1,4,3,80,34,0x0F
jungle_env_treetall01,17,1,4,2,66,28,0x0F
jungle_env_treetall01,18,1,3,2,72,30,0x0F
jungle_env_treetall01,19,1,3,3,64,26,0x0F
jungle_env_treetall01,20,1,4,4,52,22,0x0F
jungle_env_treetall01,21,1,4,3,76,32,0x0F
jungle_env_treetall01,22,1,4,3,54,22,0x0F
jungle_env_treetall01,23,1,4,2,74,30,0x0F
global_tripwire,0,1,2,2,12,6,0x0F
0xC5C23603,0,2,28,5,128,219,0x08
0xC5C23603,1,1,11,9,117,121,0x08
0xC5C23603,2,6,45,43,243,195,0x08
pmc_hum_jen_v5,0,1,17,10,1698,2484,0x01
pmc_hum_jen_v5,1,1,1,1,544,772,0x01
pmc_hum_jen_v5,2,1,28,21,3978,11980,0x01
pmc_hum_jen_v5,3,1,50,4,460,658,0x01
pmc_hum_jen_v5,4,1,11,4,768,685,0x01
pmc_hum_jen_v5,5,5,48,47,4251,5760,0x01
pmc_hum_jen_v5,6,1,1,1,1336,1573,0x01
pmc_hum_jen_v5,7,1,17,10,852,1198,0x02
pmc_hum_jen_v5,8,1,13,5,544,772,0x02
pmc_hum_jen_v5,9,1,28,20,1251,2293,0x02
pmc_hum_jen_v5,10,4,47,46,2412,2779,0x02
pmc_hum_jen_v5,11,1,1,1,1002,931,0x02
pmc_hum_jen_v5,12,1,17,10,392,577,0x04
pmc_hum_jen_v5,13,1,13,5,535,772,0x04
pmc_hum_jen_v5,14,1,28,20,637,1138,0x04
pmc_hum_jen_v5,15,4,47,46,1275,1301,0x04
pmc_hum_jen_v5,16,1,1,1,756,432,0x04
pmc_hum_jen_v5,17,1,17,10,152,183,0x08
pmc_hum_jen_v5,18,5,46,45,460,415,0x08
pmc_hum_jen_v5,19,1,28,20,270,453,0x08
pmc_hum_jen_v5,20,1,1,1,374,165,0x08
pmc_hum_fire,0,2,28,5,53,38,0x08
pmc_hum_fire,1,2,28,5,134,237,0x08
pmc_hum_fire,2,7,44,42,206,202,0x08
pmc_hum_fire,3,1,11,9,155,165,0x08
pmc_hum_fire,4,3,25,9,1034,1404,0x08
oc_hum_starter03,0,1,1,1,45,56,0x0F
oc_hum_starter03,1,1,12,8,610,733,0x0F
oc_hum_starter03,2,1,24,12,1256,2338,0x0F
oc_hum_starter03,3,1,6,2,99,115,0x0F
oc_hum_starter03,4,1,9,9,1337,1924,0x0F
oc_hum_starter03,5,4,47,45,2001,2916,0x0F
police_hum_officer_a,0,3,48,45,237,214,0x08
police_hum_officer_a,1,1,4,3,163,279,0x08
police_hum_officer_a,2,2,28,10,175,187,0x08
pmc_hum_jen_v2,0,1,1,1,43,42,0x01
pmc_hum_jen_v2,1,1,16,10,2458,3846,0x01
pmc_hum_jen_v2,2,1,29,21,3978,11982,0x01
pmc_hum_jen_v2,3,1,51,4,459,657,0x01
pmc_hum_jen_v2,4,1,12,4,768,685,0x01
pmc_hum_jen_v2,5,4,47,46,3501,11336,0x01
pmc_hum_jen_v2,6,1,2,2,1033,1348,0x01
pmc_hum_jen_v2,7,1,16,10,1327,1895,0x02
pmc_hum_jen_v2,8,1,7,2,45,42,0x02
pmc_hum_jen_v2,9,1,1,1,1033,1348,0x02
pmc_hum_jen_v2,10,2,30,21,1251,2292,0x02
pmc_hum_jen_v2,11,4,47,46,1943,5668,0x02
pmc_hum_jen_v2,12,1,16,10,678,906,0x04
pmc_hum_jen_v2,13,1,7,2,43,42,0x04
pmc_hum_jen_v2,14,1,1,1,1031,1348,0x04
pmc_hum_jen_v2,15,2,30,21,637,1137,0x04
pmc_hum_jen_v2,16,4,47,46,1053,1348,0x04
pmc_hum_jen_v2,17,0,0,1,28,28,0x04
pmc_hum_jen_v2,18,1,16,10,295,332,0x08
pmc_hum_jen_v2,19,5,46,45,489,518,0x08
pmc_hum_jen_v2,20,1,29,20,270,452,0x08
gr_hum_advisor,0,1,1,1,101,138,0x0F
gr_hum_advisor,1,1,1,1,172,281,0x0F
gr_hum_advisor,2,1,11,9,804,1326,0x0F
gr_hum_advisor,3,4,45,44,1518,4718,0x0F
gr_hum_advisor,4,2,28,23,1443,5126,0x0F
gr_hum_advisor,5,2,28,14,894,1296,0x0F
global_env_treetropical02,13,1,4,4,164,132,0x04
global_env_treetropical02,15,1,4,3,60,30,0x07
global_env_treetropical02,16,1,4,3,56,28,0x07
global_env_treetropical02,17,1,3,3,48,24,0x07
global_env_treetropical02,18,1,3,3,60,28,0x07
global_env_treetropical02,19,1,4,3,72,36,0x07
global_env_treetropical02,20,1,3,3,56,28,0x07
global_env_treetropical02,21,1,4,3,40,20,0x07
global_env_treetropical02,22,1,4,4,56,28,0x07
vz_hum_deathsquad_c,0,1,4,3,153,243,0x08
vz_hum_deathsquad_c,1,2,20,11,36,34,0x08
vz_hum_deathsquad_c,2,2,28,10,165,172,0x08
vz_hum_deathsquad_c,3,5,49,45,230,215,0x08
pmc_hum_jen_chickensuit,0,2,32,7,630,1836,0x01
pmc_hum_jen_chickensuit,1,1,13,10,936,1632,0x01
pmc_hum_jen_chickensuit,2,1,52,4,660,330,0x01
pmc_hum_jen_chickensuit,3,1,13,6,1068,972,0x01
pmc_hum_jen_chickensuit,4,5,47,46,1430,2351,0x01
pmc_hum_jen_chickensuit,5,2,48,16,3038,2458,0x01
pmc_hum_jen_chickensuit,6,1,30,21,10158,11944,0x01
pmc_hum_jen_chickensuit,7,3,23,9,1079,696,0x01
pmc_hum_jen_chickensuit,8,1,12,4,1487,685,0x01
pmc_hum_jen_chickensuit,9,2,31,21,1251,2292,0x02
pmc_hum_jen_chickensuit,10,2,27,15,331,874,0x02
pmc_hum_jen_chickensuit,11,2,27,5,660,330,0x02
pmc_hum_jen_chickensuit,12,1,13,10,517,829,0x02
pmc_hum_jen_chickensuit,13,1,13,6,1068,972,0x02
pmc_hum_jen_chickensuit,14,4,47,46,831,1160,0x02
pmc_hum_jen_chickensuit,15,2,59,23,3038,2458,0x02
pmc_hum_jen_chickensuit,16,2,31,21,637,1137,0x04
pmc_hum_jen_chickensuit,17,2,27,13,161,203,0x04
pmc_hum_jen_chickensuit,18,2,27,5,660,330,0x04
pmc_hum_jen_chickensuit,19,1,13,10,259,398,0x04
pmc_hum_jen_chickensuit,20,1,13,6,1068,972,0x04
pmc_hum_jen_chickensuit,21,4,47,46,438,569,0x04
pmc_hum_jen_chickensuit,22,2,59,27,3038,2458,0x04
pmc_hum_jen_chickensuit,23,1,30,20,270,452,0x08
pmc_hum_jen_chickensuit,24,2,27,11,63,69,0x08
pmc_hum_jen_chickensuit,25,1,13,10,136,150,0x08
pmc_hum_jen_chickensuit,26,4,47,46,199,216,0x08
oc_hum_boss,0,2,28,22,986,1828,0x0F
oc_hum_boss,1,6,47,46,1662,4916,0x0F
oc_hum_boss,2,1,12,10,1197,1918,0x0F
oc_hum_boss,3,1,2,2,169,272,0x0F
oc_hum_boss,4,1,26,17,138,249,0x0F
oc_hum_boss,5,1,16,8,96,112,0x0F
global_env_treeoak01,22,1,6,6,582,566,0x04
global_env_treeoak01,23,1,6,6,162,66,0x04
global_env_treeoak01,25,1,3,3,58,24,0x07
global_env_treeoak01,26,1,3,3,66,26,0x07
global_env_treeoak01,27,1,3,3,56,22,0x07
global_env_treeoak01,28,1,2,2,54,22,0x07
global_env_treeoak01,29,1,2,2,60,24,0x07
global_env_treeoak01,30,1,2,2,64,26,0x07
global_env_treeoak01,31,1,6,3,62,26,0x07
global_env_treeoak01,32,1,6,3,58,24,0x07
global_env_treeoak01,33,1,6,3,60,24,0x07
global_env_treeoak01,34,1,6,3,66,28,0x07
global_env_treeoak01,35,1,6,2,60,24,0x07
global_env_treeoak01,36,1,6,2,66,28,0x07
global_env_treeoak01,37,1,6,3,60,24,0x07
global_env_treeoak01,38,1,6,2,58,24,0x07
global_env_treeoak01,39,1,5,4,78,28,0x07
global_env_treeoak01,40,1,4,2,62,26,0x07
global_env_treeoak01,41,1,6,2,60,24,0x07
global_env_treeoak01,42,1,2,2,14,6,0x07
global_env_treeoak01,43,1,6,2,14,6,0x07
global_env_treeoak01,44,1,1,1,10,4,0x07
global_env_treeoak01,45,1,5,2,14,6,0x07
global_env_treeoak01,46,1,1,1,14,6,0x07
global_env_treeoak01,47,1,1,1,14,6,0x07
global_env_treeoak01,48,1,2,2,10,4,0x07
global_env_treeoak01,49,1,2,2,18,6,0x07
shanty_env_tree03,18,1,4,4,58,22,0x04
shanty_env_tree03,19,1,4,4,396,291,0x04
shanty_env_tree03,21,1,3,2,31,13,0x07
shanty_env_tree03,22,1,1,1,18,8,0x07
shanty_env_tree03,23,1,1,1,21,9,0x07
shanty_env_tree03,24,1,1,1,25,11,0x07
shanty_env_tree03,25,1,1,1,22,10,0x07
shanty_env_tree03,26,1,1,1,19,9,0x07
shanty_env_tree03,27,1,1,1,15,7,0x07
shanty_env_tree03,28,1,1,1,18,8,0x07
shanty_env_tree03,29,1,1,1,24,12,0x07
shanty_env_tree03,30,1,1,1,23,11,0x07
shanty_env_tree03,31,1,1,1,11,5,0x07
shanty_env_tree03,32,1,3,2,21,9,0x07
shanty_env_tree03,33,1,3,2,16,8,0x07
shanty_env_tree03,34,1,1,1,15,7,0x07
shanty_env_tree03,35,1,1,1,11,5,0x07
shanty_env_tree03,36,1,2,2,21,9,0x07
shanty_env_tree03,37,1,1,1,19,9,0x07
shanty_env_tree03,38,1,1,1,15,7,0x07
shanty_env_tree03,39,1,1,1,8,4,0x07
shanty_env_tree03,40,1,1,1,35,17,0x07
shanty_env_tree03,41,1,1,1,15,7,0x07
shanty_env_tree03,42,1,1,1,8,4,0x07
shanty_env_tree03,43,1,1,1,19,9,0x07
shanty_env_tree03,44,1,1,1,18,8,0x07
shanty_env_tree03,45,1,2,2,19,9,0x07
shanty_env_tree03,46,1,1,1,23,11,0x07
shanty_env_tree03,47,1,1,1,32,14,0x07
shanty_env_tree03,48,1,3,2,29,13,0x07
shanty_env_tree03,49,1,3,2,20,8,0x07
shanty_env_tree03,50,1,1,1,17,7,0x07
shanty_env_tree03,51,1,1,1,19,9,0x07
shanty_env_tree03,52,1,1,1,18,8,0x07
shanty_env_tree03,53,1,1,1,8,4,0x07
shanty_env_tree03,54,1,1,1,12,6,0x07
shanty_env_tree03,55,1,1,1,19,9,0x07
shanty_env_tree03,56,1,2,2,21,9,0x07
shanty_env_tree03,57,1,1,1,12,6,0x07
shanty_env_tree03,58,1,1,1,17,7,0x07
shanty_env_tree03,59,1,1,1,14,6,0x07
shanty_env_tree03,60,1,1,1,28,12,0x07
shanty_env_tree03,61,1,1,1,23,11,0x07
shanty_env_tree03,62,1,1,1,21,9,0x07
shanty_env_tree03,63,1,1,1,12,6,0x07
shanty_env_tree03,64,1,1,1,23,11,0x07
shanty_env_tree03,65,1,2,2,13,5,0x07
shanty_env_tree03,66,1,1,1,19,9,0x07
shanty_env_tree03,67,1,1,1,4,2,0x07
shanty_env_tree03,68,1,1,1,16,8,0x07
shanty_env_tree03,69,1,1,1,26,12,0x07
shanty_env_tree03,70,1,1,1,17,7,0x07
shanty_env_tree03,71,1,1,1,29,13,0x07
shanty_env_tree03,72,1,1,1,10,4,0x07
shanty_env_tree03,73,1,1,1,21,9,0x07
shanty_env_tree03,74,1,1,1,23,11,0x07
shanty_env_tree03,75,1,2,2,19,7,0x07
shanty_env_tree03,76,1,1,1,27,13,0x07
shanty_env_tree03,77,1,1,1,19,9,0x07
shanty_env_tree03,78,1,2,2,17,7,0x07
shanty_env_tree03,79,1,3,2,32,14,0x07
shanty_env_tree03,80,1,2,2,31,13,0x07
shanty_env_tree03,81,1,1,1,36,16,0x07
shanty_env_tree03,82,1,1,1,29,13,0x07
pmc_hum_diablo,0,1,29,20,350,582,0x08
pmc_hum_diablo,1,1,6,2,59,49,0x08
pmc_hum_diablo,2,1,12,10,152,183,0x08
pmc_hum_diablo,3,5,46,45,463,416,0x08
global_flag_largeal,1,1,3,3,94,132,0x06
pmc_hum_mattias_chickensuit,0,2,38,7,630,1836,0x01
pmc_hum_mattias_chickensuit,1,1,59,5,660,330,0x01
pmc_hum_mattias_chickensuit,2,1,13,10,957,1632,0x01
pmc_hum_mattias_chickensuit,3,1,10,5,1068,972,0x01
pmc_hum_mattias_chickensuit,4,7,50,46,1477,2351,0x01
pmc_hum_mattias_chickensuit,5,2,49,18,3038,2458,0x01
pmc_hum_mattias_chickensuit,6,1,28,22,2907,7862,0x01
pmc_hum_mattias_chickensuit,7,1,20,11,469,660,0x01
pmc_hum_mattias_chickensuit,8,1,22,8,133,244,0x01
pmc_hum_mattias_chickensuit,9,1,28,21,665,1162,0x02
pmc_hum_mattias_chickensuit,10,2,38,6,331,874,0x02
pmc_hum_mattias_chickensuit,11,1,59,5,660,330,0x02
pmc_hum_mattias_chickensuit,12,1,13,10,517,829,0x02
pmc_hum_mattias_chickensuit,13,1,10,5,1068,972,0x02
pmc_hum_mattias_chickensuit,14,7,49,45,831,1160,0x02
pmc_hum_mattias_chickensuit,15,2,49,17,3038,2458,0x02
pmc_hum_mattias_chickensuit,16,1,28,20,318,576,0x04
pmc_hum_mattias_chickensuit,17,2,38,6,161,203,0x04
pmc_hum_mattias_chickensuit,18,1,59,5,660,330,0x04
pmc_hum_mattias_chickensuit,19,1,13,10,259,398,0x04
pmc_hum_mattias_chickensuit,20,1,10,5,1068,972,0x04
pmc_hum_mattias_chickensuit,21,6,48,45,438,570,0x04
pmc_hum_mattias_chickensuit,22,2,49,17,3038,2458,0x04
pmc_hum_mattias_chickensuit,23,2,26,20,131,227,0x08
pmc_hum_mattias_chickensuit,24,2,38,6,63,69,0x08
pmc_hum_mattias_chickensuit,25,1,13,10,136,150,0x08
pmc_hum_mattias_chickensuit,26,8,46,42,202,216,0x08
0xE05A09A2,0,1,19,6,125,145,0x08
0xE05A09A2,1,1,1,1,346,426,0x08
0xE05A09A2,2,1,6,3,130,142,0x08
0xE05A09A2,3,1,6,3,98,122,0x08
0xE05A09A2,4,1,6,3,120,196,0x08
0xE05A09A2,5,1,6,3,92,120,0x08
0xE05A09A2,6,2,32,10,118,137,0x08
0xE05A09A2,7,4,47,45,173,163,0x08
0xE05A09A2,8,2,32,15,219,172,0x08
al_hum_prisoner,0,1,12,10,177,118,0x08
al_hum_prisoner,1,5,46,45,189,174,0x08
al_hum_prisoner,2,2,28,22,114,174,0x08
ch_hum_starter03,0,1,1,1,278,396,0x0F
ch_hum_starter03,1,1,11,9,1224,1994,0x0F
ch_hum_starter03,2,4,45,44,1454,4512,0x0F
ch_hum_starter03,3,2,28,22,1259,2384,0x0F
ch_hum_starter03,4,1,26,14,80,108,0x0F
ch_hum_starter03,5,1,1,1,959,1029,0x0F
ch_hum_starter03,6,1,1,1,900,971,0x0F
ch_hum_starter03,7,1,2,2,169,272,0x0F
pmc_hum_jen_v3,0,1,52,5,1170,810,0x01
pmc_hum_jen_v3,1,1,6,2,1336,1573,0x01
pmc_hum_jen_v3,2,1,13,11,2825,4196,0x01
pmc_hum_jen_v3,3,1,29,21,9816,11926,0x01
pmc_hum_jen_v3,4,2,30,6,1126,749,0x01
pmc_hum_jen_v3,5,1,11,4,1360,637,0x01
pmc_hum_jen_v3,6,1,3,2,110,48,0x01
pmc_hum_jen_v3,7,4,47,46,3662,11514,0x01
pmc_hum_jen_v3,8,1,52,5,1170,810,0x02
pmc_hum_jen_v3,9,1,6,2,2624,1573,0x02
pmc_hum_jen_v3,10,2,30,21,1295,2343,0x02
pmc_hum_jen_v3,11,1,12,10,1530,2105,0x02
pmc_hum_jen_v3,12,4,47,46,2118,5804,0x02
pmc_hum_jen_v3,13,1,6,2,1336,1573,0x04
pmc_hum_jen_v3,14,2,30,21,652,1155,0x04
pmc_hum_jen_v3,15,4,47,46,1131,1365,0x04
pmc_hum_jen_v3,16,1,12,10,802,994,0x04
pmc_hum_jen_v3,17,1,29,20,261,440,0x08
pmc_hum_jen_v3,18,4,47,46,579,530,0x08
pmc_hum_jen_v3,19,1,12,10,319,319,0x08
global_flag_smallal,2,1,3,3,94,132,0x01
global_flag_smallal,3,1,3,3,94,132,0x06
vz_hum_solano,0,1,1,1,1562,1495,0x0F
vz_hum_solano,1,1,26,20,2853,5149,0x0F
vz_hum_solano,2,1,12,10,1033,1594,0x0F
vz_hum_solano,3,7,48,47,2280,7092,0x0F
vz_hum_solano,4,1,2,2,169,272,0x0F
0xE7D6462D,0,2,28,22,231,254,0x08
0xE7D6462D,1,2,28,22,117,205,0x08
0xE7D6462D,2,2,28,22,115,199,0x08
0xE7D6462D,3,2,28,22,114,202,0x08
0xE7D6462D,4,2,28,22,127,185,0x08
0xE7D6462D,5,2,28,22,79,136,0x08
0xE7D6462D,6,1,11,9,225,160,0x08
0xE7D6462D,7,2,56,42,245,188,0x08
0xE7D6462D,8,1,62,9,427,558,0x08
0xE7D6462D,9,1,17,7,4,2,0x08
pmc_hum_jen_v4,0,1,15,10,2425,4030,0x01
pmc_hum_jen_v4,1,1,29,21,3987,11982,0x01
pmc_hum_jen_v4,2,3,21,8,464,657,0x01
pmc_hum_jen_v4,3,1,12,4,768,685,0x01
pmc_hum_jen_v4,4,4,47,46,4244,13420,0x01
pmc_hum_jen_v4,5,1,2,2,1033,1348,0x01
pmc_hum_jen_v4,6,1,1,1,1033,1348,0x02
pmc_hum_jen_v4,7,2,30,21,1249,2291,0x02
pmc_hum_jen_v4,8,1,15,10,1340,2014,0x02
pmc_hum_jen_v4,9,4,47,46,2155,6578,0x02
pmc_hum_jen_v4,10,1,1,1,1031,1348,0x04
pmc_hum_jen_v4,11,2,30,21,637,1138,0x04
pmc_hum_jen_v4,12,1,15,10,718,973,0x04
pmc_hum_jen_v4,13,4,47,46,1031,1548,0x04
pmc_hum_jen_v4,14,1,29,20,270,453,0x08
pmc_hum_jen_v4,15,1,15,10,372,352,0x08
pmc_hum_jen_v4,16,4,47,46,445,522,0x08
oc_hum_mercenaryheavy_a,0,1,4,3,163,255,0x08
oc_hum_mercenaryheavy_a,1,3,48,44,246,238,0x08
oc_hum_mercenaryheavy_a,2,1,9,9,139,141,0x08
0xEA7F9F3F,0,5,41,40,231,199,0x08
0xEA7F9F3F,1,5,41,40,231,199,0x08
0xEA7F9F3F,2,4,45,44,254,221,0x08
0xEA7F9F3F,3,4,45,44,254,221,0x08
0xEA7F9F3F,4,5,41,40,231,199,0x08
0xEA7F9F3F,5,4,45,44,254,221,0x08
0xEA7F9F3F,6,5,42,37,200,189,0x08
0xEA7F9F3F,7,5,42,37,200,189,0x08
0xEA7F9F3F,8,5,42,37,200,189,0x08
0xEA7F9F3F,9,1,10,10,147,140,0x08
0xEA7F9F3F,10,1,10,10,147,140,0x08
0xEA7F9F3F,11,1,10,10,144,134,0x08
0xEA7F9F3F,12,1,10,10,144,134,0x08
0xEA7F9F3F,13,1,10,10,144,134,0x08
0xEA7F9F3F,14,1,10,10,147,140,0x08
0xEA7F9F3F,15,1,10,10,114,114,0x08
0xEA7F9F3F,16,1,10,10,114,114,0x08
0xEA7F9F3F,17,1,10,10,114,114,0x08
0xEA7F9F3F,18,1,4,3,56,90,0x08
0xEA7F9F3F,19,1,4,3,70,110,0x08
0xEA7F9F3F,20,1,4,3,83,118,0x08
0xEA7F9F3F,21,1,4,3,81,116,0x08
0xEA7F9F3F,22,1,4,3,71,116,0x08
0xEA7F9F3F,23,1,4,3,68,110,0x08
0xEA7F9F3F,24,1,4,3,86,117,0x08
0xEA7F9F3F,25,1,1,1,22,18,0x08
0xEA7F9F3F,26,1,1,1,23,18,0x08
0xEAA71CCB,1,1,28,5,131,163,0x08
0xEAA71CCB,2,1,1,1,88,136,0x08
0xEAA71CCB,3,1,28,3,143,99,0x08
0xEAA71CCB,4,1,28,5,60,98,0x08
0xEAA71CCB,5,1,6,2,150,111,0x08
0xEAA71CCB,6,1,1,1,78,52,0x08
0xEAA71CCB,7,1,28,5,89,126,0x08
0xEAA71CCB,8,1,1,1,93,55,0x08
0xEAA71CCB,9,1,28,5,61,100,0x08
0xEAA71CCB,10,1,28,4,72,98,0x08
0xEAA71CCB,11,1,1,1,27,19,0x08
0xEAA71CCB,12,1,28,5,109,174,0x08
0xEAA71CCB,13,7,42,39,188,182,0x08
0xEAA71CCB,14,1,12,10,180,182,0x08
pr_hum_boss,0,2,28,22,1358,2208,0x0F
pr_hum_boss,1,1,11,9,1002,1608,0x0F
pr_hum_boss,2,6,47,46,1851,5324,0x0F
pr_hum_boss,3,2,28,15,80,108,0x0F
pr_hum_boss,4,1,1,1,309,305,0x0F
pr_hum_boss,5,1,1,1,250,235,0x0F
pr_hum_boss,6,1,2,2,79,116,0x0F
global_flag_largevz,1,1,5,5,293,404,0x06
gr_hum_starter_1,0,1,61,6,909,998,0x0F
gr_hum_starter_1,1,1,1,1,72,70,0x0F
gr_hum_starter_1,2,1,1,1,128,112,0x0F
gr_hum_starter_1,3,2,28,21,1290,2386,0x0F
gr_hum_starter_1,4,1,11,9,1150,1825,0x0F
gr_hum_starter_1,5,5,47,46,1550,4906,0x0F
gr_hum_starter_1,6,1,1,1,900,971,0x0F
gr_hum_starter_1,7,1,1,1,959,1029,0x0F
gr_hum_starter_1,8,1,2,2,169,272,0x0F
gr_hum_starter_1,9,2,28,15,85,112,0x0F
0xF0A40B98,0,3,25,20,248,222,0x08
0xF0A40B98,1,1,11,9,154,147,0x08
0xF0A40B98,2,8,44,42,205,216,0x08
pmc_hum_helipilot,0,2,29,12,280,485,0x08
pmc_hum_helipilot,1,1,12,10,344,441,0x08
pmc_hum_helipilot,2,3,44,43,516,542,0x08
pmc_hum_helipilot,3,1,1,1,86,86,0x08
0xF245AC63,0,1,1,1,52,53,0x08
0xF245AC63,1,1,1,1,16,14,0x08
0xF245AC63,2,1,41,5,36,24,0x08
0xF245AC63,3,1,1,1,27,38,0x08
0xF245AC63,4,1,1,1,12,8,0x08
0xF245AC63,5,1,1,1,11,9,0x08
0xF245AC63,6,1,1,1,39,39,0x08
0xF245AC63,7,1,6,3,157,210,0x08
0xF245AC63,8,1,1,1,57,25,0x08
0xF245AC63,9,1,6,3,157,192,0x08
0xF245AC63,10,1,6,3,117,168,0x08
0xF245AC63,11,1,6,3,150,86,0x08
0xF245AC63,12,1,6,3,123,182,0x08
0xF245AC63,13,1,1,1,27,13,0x08
0xF245AC63,14,1,6,3,157,192,0x08
0xF245AC63,15,1,11,9,121,121,0x08
0xF245AC63,16,1,11,9,121,121,0x08
0xF245AC63,17,1,11,9,123,124,0x08
0xF245AC63,18,8,41,37,143,164,0x08
0xF245AC63,19,1,20,5,32,26,0x08
0xF245AC63,20,4,45,37,208,208,0x08
0xF245AC63,21,7,46,40,208,213,0x08
0xF245AC63,22,1,20,5,30,24,0x08
0xF245AC63,23,8,41,37,143,164,0x08
0xF419FFEB,0,1,30,5,26,16,0x08
0xF419FFEB,1,1,28,5,101,168,0x08
0xF419FFEB,2,1,1,1,98,44,0x08
0xF419FFEB,3,1,28,5,116,176,0x08
0xF419FFEB,4,1,29,9,132,66,0x08
0xF419FFEB,5,1,28,5,110,162,0x08
0xF419FFEB,6,1,1,1,348,116,0x08
0xF419FFEB,7,1,28,5,108,168,0x08
0xF419FFEB,8,1,29,9,82,38,0x08
0xF419FFEB,9,1,12,10,182,181,0x08
0xF419FFEB,10,1,12,10,171,167,0x08
0xF419FFEB,11,1,12,10,150,160,0x08
0xF419FFEB,12,1,12,10,140,153,0x08
0xF419FFEB,13,6,41,37,213,206,0x08
0xF419FFEB,14,6,41,37,199,194,0x08
0xF419FFEB,15,3,44,37,202,202,0x08
0xF419FFEB,16,6,41,37,199,194,0x08
0xF4309A98,0,1,2,2,112,100,0x07
jungle_env_plantlarge02,11,1,4,4,187,122,0x04
global_flag_smallgr,2,1,3,3,94,132,0x01
global_flag_smallgr,3,1,3,3,94,132,0x06
oc_hum_mercenaryelite_a,0,1,4,3,142,226,0x08
oc_hum_mercenaryelite_a,1,1,9,9,124,106,0x08
oc_hum_mercenaryelite_a,2,1,6,4,6,2,0x08
oc_hum_mercenaryelite_a,3,3,48,44,190,176,0x08
oc_hum_mercenaryelite_a,4,1,30,10,58,49,0x08
al_hum_officer_a,0,6,47,43,191,72,0x08
al_hum_officer_a,1,1,4,3,172,64,0x08
al_hum_officer_a,2,2,28,9,66,46,0x08
shanty_env_tree02,32,1,5,5,540,393,0x04
shanty_env_tree02,33,1,5,5,84,34,0x04
shanty_env_tree02,34,1,4,3,26,10,0x07
shanty_env_tree02,35,1,4,2,28,12,0x07
shanty_env_tree02,36,1,4,2,22,10,0x07
shanty_env_tree02,37,1,5,2,27,11,0x07
shanty_env_tree02,38,1,5,2,27,13,0x07
shanty_env_tree02,39,1,2,2,16,6,0x07
shanty_env_tree02,40,1,4,2,29,16,0x07
shanty_env_tree02,41,1,4,2,12,6,0x07
shanty_env_tree02,42,1,4,2,19,9,0x07
shanty_env_tree02,43,1,4,2,22,10,0x07
shanty_env_tree02,44,1,4,2,26,12,0x07
shanty_env_tree02,45,1,5,3,15,7,0x07
shanty_env_tree02,46,1,3,2,23,11,0x07
shanty_env_tree02,47,1,3,2,19,9,0x07
shanty_env_tree02,48,1,5,2,17,7,0x07
shanty_env_tree02,49,1,5,2,32,14,0x07
shanty_env_tree02,50,1,5,3,28,12,0x07
shanty_env_tree02,51,1,5,3,26,12,0x07
shanty_env_tree02,52,1,3,2,30,14,0x07
shanty_env_tree02,53,1,5,3,25,11,0x07
shanty_env_tree02,54,1,5,3,22,10,0x07
shanty_env_tree02,55,1,5,3,26,12,0x07
shanty_env_tree02,56,1,2,2,23,11,0x07
shanty_env_tree02,57,1,4,3,28,12,0x07
shanty_env_tree02,58,1,3,3,25,11,0x07
shanty_env_tree02,59,1,2,2,16,8,0x07
shanty_env_tree02,60,1,4,3,32,14,0x07
shanty_env_tree02,61,1,2,2,18,8,0x07
shanty_env_tree02,62,1,5,2,23,11,0x07
shanty_env_tree02,63,1,2,2,32,14,0x07
shanty_env_tree02,64,1,4,2,22,10,0x07
shanty_env_tree02,65,1,2,2,18,8,0x07
shanty_env_tree02,66,1,5,2,19,9,0x07
shanty_env_tree02,67,1,2,2,18,8,0x07
shanty_env_tree02,68,1,2,2,18,8,0x07
shanty_env_tree02,69,1,2,2,23,11,0x07
shanty_env_tree02,70,1,2,2,22,10,0x07
shanty_env_tree02,71,1,3,3,20,10,0x07
shanty_env_tree02,72,1,2,2,17,7,0x07
shanty_env_tree02,73,1,2,2,12,6,0x07
shanty_env_tree02,74,1,2,2,24,10,0x07
shanty_env_tree02,75,1,3,2,11,5,0x07
shanty_env_tree02,76,1,5,3,34,16,0x07
shanty_env_tree02,77,1,3,2,30,14,0x07
shanty_env_tree02,78,1,2,2,19,9,0x07
shanty_env_tree02,79,1,3,2,14,6,0x07
shanty_env_tree02,80,1,2,2,23,11,0x07
shanty_env_tree02,81,1,3,2,25,11,0x07
shanty_env_tree02,82,1,3,2,13,5,0x07
shanty_env_tree02,83,1,5,2,19,9,0x07
shanty_env_tree02,84,1,2,2,25,11,0x07
shanty_env_tree02,85,1,3,2,20,8,0x07
shanty_env_tree02,86,1,3,2,15,7,0x07
shanty_env_tree02,87,1,3,2,18,8,0x07
shanty_env_tree02,88,1,2,2,26,12,0x07
shanty_env_tree02,89,1,3,3,28,12,0x07
shanty_env_tree02,90,1,3,2,27,13,0x07
shanty_env_tree02,91,1,3,2,20,8,0x07
shanty_env_tree02,92,1,3,3,22,10,0x07
shanty_env_tree02,93,1,3,2,15,7,0x07
global_locationmarker,0,1,2,2,40,40,0x0F
global_flag_largepr,1,1,2,2,804,402,0x06
global_flag_largepr,2,1,2,2,162,256,0x06
0xF9EA3B44,0,1,4,3,115,203,0x08
0xF9EA3B44,1,1,4,3,118,191,0x08
0xF9EA3B44,2,1,4,3,83,141,0x08
0xF9EA3B44,3,1,4,3,161,275,0x08
0xF9EA3B44,4,1,4,3,83,138,0x08
0xF9EA3B44,5,1,4,3,93,158,0x08
0xF9EA3B44,6,1,4,3,82,119,0x08
0xF9EA3B44,7,1,4,3,79,132,0x08
0xF9EA3B44,8,1,1,1,35,30,0x08
0xF9EA3B44,9,2,28,11,130,134,0x08
0xF9EA3B44,10,3,46,42,220,209,0x08
civ_hum_beachfemale_a,0,1,6,3,60,98,0x08
civ_hum_beachfemale_a,1,1,11,9,188,205,0x08
civ_hum_beachfemale_a,2,4,45,43,321,336,0x08
global_flag_smalloc,2,1,3,3,94,132,0x01
global_flag_smalloc,3,1,3,3,94,132,0x06
ch_hum_boss,0,1,1,1,33,27,0x08
ch_hum_boss,1,2,28,22,147,258,0x08
ch_hum_boss,2,1,11,9,121,122,0x08
ch_hum_boss,3,1,62,9,92,106,0x08
ch_hum_boss,4,3,42,40,111,104,0x08
jungle_env_largecanopy01,7,1,3,2,666,380,0x07
jungle_env_largecanopy01,8,1,5,3,252,108,0x07
jungle_env_largecanopy01,9,1,8,8,103,154,0x07
jungle_env_largecanopy01,10,1,8,8,440,154,0x07
jungle_env_largecanopy01,11,1,8,8,5399,2649,0x07
jungle_env_largecanopy01,12,1,8,8,1900,950,0x07
jungle_env_largecanopy01,13,1,8,8,2119,1023,0x07
