readable,xbox_va,mangled,flags
"Kill",0x827aef70,"?Kill@@YAXPAUlua_State@@@Z",
"PblRedBlackNode::Kill",0x8310d800,"?Kill@PblRedBlackNode@@QAAXXZ",
"PblRef::Kill",0x82518c78,"?Kill@PblRef@@UAAXXZ",
"SetDamageState",0x8279e858,"?SetDamageState@@YAXPAUlua_State@@@Z",
"SpringFloat::ApplyForce",0x82691318,"?ApplyForce@SpringFloat@@QAAXM@Z",
"WSAIExecutionScene::AddVictim",0x82888058,"?AddVictim@WSAIExecutionScene@@QAAXPAVWSAIControllerActor@@@Z",
"WSAIProp::ApplyDamage",0x828a11c0,"?ApplyDamage@WSAIProp@@UAAXABVWSDamageDesc@@@Z",
"WSAIProp::Die",0x828a1288,"?Die@WSAIProp@@UAAXXZ",
"WSAnimatedObject::ApplyDamage",0x8242eec8,"?ApplyDamage@WSAnimatedObject@@UAAXABVWSDamageDesc@@@Z",
"WSAnimatedObject::ApplyHitDamage",0x8242ee80,"?ApplyHitDamage@WSAnimatedObject@@UAAXPAVWSDamageDesc@@@Z",
"WSAnimatedObject::Die",0x8242ee28,"?Die@WSAnimatedObject@@UAAXXZ",
"WSAnimatedProp::Die",0x8249ff38,"?Die@WSAnimatedProp@@UAAXXZ",
"WSAttrPtAttachable::Die",0x829a21e0,"?Die@WSAttrPtAttachable@@QAAXXZ",
"WSCinemaDamageState::SetDamageState",0x82a0d9b0,"?SetDamageState@WSCinemaDamageState@@AAAXXZ",
"WSCollisionObject::ApplyHitDamage",0x82472ad0,"?ApplyHitDamage@WSCollisionObject@@UAAXPAVWSDamageDesc@@@Z",
"WSDamageDebugRender::?1??Get::Fs_Me",0x83391298,"??__Fs_Me@?1??Get@WSDamageDebugRender@@SAAAV1@XZ@YAXXZ",
"WSDamageDebugRender::Get",0x825c05d0,"?Get@WSDamageDebugRender@@SAAAV1@XZ",
"WSDamageDebugRender::GetNextPart",0x826e8ca8,"?GetNextPart@WSDamageDebugRender@@QAAPAVWSDamageablePart@@PAV2@@Z",
"WSDamageDebugRender::GetPreviousPart",0x826e8b88,"?GetPreviousPart@WSDamageDebugRender@@QAAPAVWSDamageablePart@@PAV2@@Z",
"WSDamageDebugRender::HandleInput",0x826e8538,"?HandleInput@WSDamageDebugRender@@QAAXXZ",
"WSDamageDebugRender::PAUDamageReport::?$PblQueue::Clear",0x826e95f0,"?Clear@?$PblQueue@PAUDamageReport@WSDamageDebugRender@@$0BAA@@@QAAXXZ",tmpl
"WSDamageDebugRender::PAUDamageReport::?$PblQueue::IsFull",0x826e9668,"?IsFull@?$PblQueue@PAUDamageReport@WSDamageDebugRender@@$0BAA@@@QBA_NXZ",tmpl
"WSDamageDebugRender::PAUDamageReport::?$PblQueue::Itor",0x826e99d0,"??EItor@?$PblQueue@PAUDamageReport@WSDamageDebugRender@@$0BAA@@@QAAABV01@XZ",tmpl
"WSDamageDebugRender::PAUDamageReport::?$PblQueue::Peek",0x826e9818,"?Peek@?$PblQueue@PAUDamageReport@WSDamageDebugRender@@$0BAA@@@QAAPAUDamageReport@WSDamageDebugRender@@XZ",tmpl
"WSDamageDebugRender::PAUDamageReport::?$PblQueue::Pop",0x826e9788,"?Pop@?$PblQueue@PAUDamageReport@WSDamageDebugRender@@$0BAA@@@QAAPAUDamageReport@WSDamageDebugRender@@XZ",tmpl
"WSDamageDebugRender::PAUDamageReport::?$PblQueue::Push",0x826e9678,"?Push@?$PblQueue@PAUDamageReport@WSDamageDebugRender@@$0BAA@@@QAAPAUDamageReport@WSDamageDebugRender@@PAU23@@Z",tmpl
"WSDamageDebugRender::PAUDamageReport::?$PblQueue::SetNullValue",0x826e9b18,"?SetNullValue@?$PblQueue@PAUDamageReport@WSDamageDebugRender@@$0BAA@@@QAAXABQAUDamageReport@WSDamageDebugRender@@@Z",tmpl
"WSDamageDebugRender::PAUDamageReport::?$PblQueue::operator cast",0x826e98c0,"??BItor@?$PblQueue@PAUDamageReport@WSDamageDebugRender@@$0BAA@@@QBAPAPAUDamageReport@WSDamageDebugRender@@XZ",tmpl
"WSDamageDebugRender::PAUDamageReport::?$PblQueue::{ctor}",0x826e9888,"??0Itor@?$PblQueue@PAUDamageReport@WSDamageDebugRender@@$0BAA@@@QAA@PAV1@@Z",tmpl
"WSDamageDebugRender::PAUDamageReport::{ctor}",0x826e95b0,"??0?$PblQueue@PAUDamageReport@WSDamageDebugRender@@$0BAA@@@QAA@ABQAUDamageReport@WSDamageDebugRender@@@Z",tmpl
"WSDamageDebugRender::PAUDamageReport::{dtor}",0x826e95e8,"??1?$PblQueue@PAUDamageReport@WSDamageDebugRender@@$0BAA@@@QAA@XZ",tmpl
"WSDamageDebugRender::PrintText",0x826e9298,"?PrintText@WSDamageDebugRender@@QAAXPBDMM_NABUPblColor@@@Z",
"WSDamageDebugRender::RegisterDamage",0x826e8e70,"?RegisterDamage@WSDamageDebugRender@@QAAXPAVWSDamageable@@HABVPblVector3@@PBVhkShape@@@Z",
"WSDamageDebugRender::Render",0x826e70e0,"?Render@WSDamageDebugRender@@QAAXXZ",
"WSDamageDebugRender::RenderDamageReportList",0x826e8fe8,"?RenderDamageReportList@WSDamageDebugRender@@QAAXXZ",
"WSDamageDebugRender::RenderGroup",0x826e76d0,"?RenderGroup@WSDamageDebugRender@@QAAXPAVWSDamageableGroup@@AAHH@Z",
"WSDamageDebugRender::RenderPart",0x826e79d0,"?RenderPart@WSDamageDebugRender@@QAAXPAVWSDamageablePart@@AAHH@Z",
"WSDamageDebugRender::RenderTitle",0x826e7550,"?RenderTitle@WSDamageDebugRender@@QAAXXZ",
"WSDamageDebugRender::SelectObject",0x826e72a0,"?SelectObject@WSDamageDebugRender@@QAAXXZ",
"WSDamageDebugRender::SetupDebug",0x826e7080,"?SetupDebug@WSDamageDebugRender@@SAXXZ",
"WSDamageDebugRender::{ctor}",0x826e9410,"??0DamageReport@WSDamageDebugRender@@QAA@XZ",
"WSDamageDesc::AllDamage",0x82674880,"?AllDamage@WSDamageDesc@@QBA_NXZ",
"WSDamageDesc::BulletDamage",0x82503ce0,"?BulletDamage@WSDamageDesc@@QBA_NXZ",
"WSDamageDesc::CharacterDamage",0x826748c0,"?CharacterDamage@WSDamageDesc@@QBA_NXZ",
"WSDamageDesc::CollisionDamage",0x826748a0,"?CollisionDamage@WSDamageDesc@@QBA_NXZ",
"WSDamageDesc::ExplosionDamage",0x826748e0,"?ExplosionDamage@WSDamageDesc@@QBA_NXZ",
"WSDamageDesc::FireDamage",0x82674900,"?FireDamage@WSDamageDesc@@QBA_NXZ",
"WSDamageDesc::PAXPAXW4TType::NotifyListeners",0x82506010,"??$NotifyListeners@PAXPAXW4TType@WSDamageDesc@@M@WSAIController@@QAAXPBDPAX1W4TType@WSDamageDesc@@M@Z",tmpl
"WSDamageDesc::PAXPAXW4TType::RunCallbackScript",0x825068b0,"??$RunCallbackScript@PAXPAXW4TType@WSDamageDesc@@M@WSAIController@@QAAXPAVCallbackData@@PAX1W4TType@WSDamageDesc@@M@Z",tmpl
"WSDamageDesc::PAXPAXW4TType::RunScript",0x82506e80,"??$RunScript@PAXPAXW4TType@WSDamageDesc@@M@LuaManager@@QAA_NPAVCallbackData@@PAX1W4TType@WSDamageDesc@@M@Z",tmpl
"WSDamageDesc::PAXPAX_NW4TType::NotifyListeners",0x82506260,"??$NotifyListeners@PAXPAX_NW4TType@WSDamageDesc@@@WSAIController@@QAAXPBDPAX1_NW4TType@WSDamageDesc@@@Z",tmpl
"WSDamageDesc::PAXPAX_NW4TType::RunCallbackScript",0x82506c48,"??$RunCallbackScript@PAXPAX_NW4TType@WSDamageDesc@@@WSAIController@@QAAXPAVCallbackData@@PAX1_NW4TType@WSDamageDesc@@@Z",tmpl
"WSDamageDesc::PAXPAX_NW4TType::RunScript",0x82507220,"??$RunScript@PAXPAX_NW4TType@WSDamageDesc@@@LuaManager@@QAA_NPAVCallbackData@@PAX1_NW4TType@WSDamageDesc@@@Z",tmpl
"WSDamageDesc::PAXW4TType::LuaCallInTablePassSelf",0x82506578,"??$LuaCallInTablePassSelf@PAXW4TType@WSDamageDesc@@M@LuaMachine@@QAA_NPBD0HPAXW4TType@WSDamageDesc@@M@Z",tmpl
"WSDamageDesc::PAXW4TType::NotifyStaticListenersPassSelf",0x825067b0,"??$NotifyStaticListenersPassSelf@PAXW4TType@WSDamageDesc@@M@LuaManager@@QAAXPBD0HPAXW4TType@WSDamageDesc@@M@Z",tmpl
"WSDamageDesc::PAXW4TType::RunEventScript",0x82505690,"??$RunEventScript@PAXW4TType@WSDamageDesc@@M@WSAIController@@QAAXPBDPAXW4TType@WSDamageDesc@@M@Z",tmpl
"WSDamageDesc::PAXW4TType::RunScriptPassSelf",0x82505ed8,"??$RunScriptPassSelf@PAXW4TType@WSDamageDesc@@M@LuaManager@@QAA_NW4TMachine@0@PBD1HPAXW4TType@WSDamageDesc@@M@Z",tmpl
"WSDamageDesc::PAXW4TType::RunScriptPassSelf",0x82506cb0,"??$RunScriptPassSelf@PAXW4TType@WSDamageDesc@@M@LuaManager@@QAA_NPAVCallbackData@@HPAXW4TType@WSDamageDesc@@M@Z",tmpl
"WSDamageDesc::PAX_NW4TType::LuaCallInTablePassSelf",0x82506918,"??$LuaCallInTablePassSelf@PAX_NW4TType@WSDamageDesc@@@LuaMachine@@QAA_NPBD0HPAX_NW4TType@WSDamageDesc@@@Z",tmpl
"WSDamageDesc::PAX_NW4TType::NotifyStaticListenersPassSelf",0x82506b50,"??$NotifyStaticListenersPassSelf@PAX_NW4TType@WSDamageDesc@@@LuaManager@@QAAXPBD0HPAX_NW4TType@WSDamageDesc@@@Z",tmpl
"WSDamageDesc::PAX_NW4TType::RunEventScript",0x825057b0,"??$RunEventScript@PAX_NW4TType@WSDamageDesc@@@WSAIController@@QAAXPBDPAX_NW4TType@WSDamageDesc@@@Z",tmpl
"WSDamageDesc::PAX_NW4TType::RunScriptPassSelf",0x82506128,"??$RunScriptPassSelf@PAX_NW4TType@WSDamageDesc@@@LuaManager@@QAA_NW4TMachine@0@PBD1HPAX_NW4TType@WSDamageDesc@@@Z",tmpl
"WSDamageDesc::PAX_NW4TType::RunScriptPassSelf",0x82507050,"??$RunScriptPassSelf@PAX_NW4TType@WSDamageDesc@@@LuaManager@@QAA_NPAVCallbackData@@HPAX_NW4TType@WSDamageDesc@@@Z",tmpl
"WSDamageEvent::DebugDump",0x8276b048,"?DebugDump@WSDamageEvent@@UAAXAAV?$PblStringT@$0CAA@@@@Z",
"WSDamageEvent::Update",0x8276ad78,"?Update@WSDamageEvent@@UAA_NMAAH@Z",
"WSDamageRegion::ActivateEntity",0x82459518,"?ActivateEntity@WSDamageRegion@@MAAXXZ",
"WSDamageRegion::AttachableGetMatrix",0x82457e48,"?AttachableGetMatrix@WSDamageRegion@@UAAXAAVPblMatrix4x4@@VPblCRC@@@Z",
"WSDamageRegion::DamageHuman",0x824581e8,"?DamageHuman@WSDamageRegion@@IAA_NPAVWSHuman@@M@Z",
"WSDamageRegion::DeactivateEntity",0x82459520,"?DeactivateEntity@WSDamageRegion@@MAAXXZ",
"WSDamageRegion::DebugRender",0x82459508,"?DebugRender@WSDamageRegion@@MAAXXZ",
"WSDamageRegion::DeleteSynched",0x82459510,"?DeleteSynched@WSDamageRegion@@MAAXXZ",
"WSDamageRegion::DestroyEmitter",0x824586b0,"?DestroyEmitter@WSDamageRegion@@IAAXVPblCRC@@@Z",
"WSDamageRegion::Init",0x824579a8,"?Init@WSDamageRegion@@QAAXPAVWSDamageRegionBlueprint@@AAVWSEntityDesc@@@Z",
"WSDamageRegion::InitSynched",0x82458820,"?InitSynched@WSDamageRegion@@MAAXXZ",
"WSDamageRegion::InitUNSynched",0x82459528,"?InitUNSynched@WSDamageRegion@@MAAXXZ",
"WSDamageRegion::RemoveFromStreamblock",0x82457eb0,"?RemoveFromStreamblock@WSDamageRegion@@IAAXXZ",
"WSDamageRegion::ShouldSelfTerminate",0x82458078,"?ShouldSelfTerminate@WSDamageRegion@@IAA_NXZ",
"WSDamageRegion::StartHumanFire",0x82458890,"?StartHumanFire@WSDamageRegion@@CAXPAVWSHuman@@@Z",
"WSDamageRegion::StopHumanFire",0x82458bc8,"?StopHumanFire@WSDamageRegion@@CAXPAVWSHuman@@@Z",
"WSDamageRegion::Update",0x82457ca8,"?Update@WSDamageRegion@@UAAXM@Z",
"WSDamageRegionBlueprint",0x82459700,"??_DWSDamageRegionBlueprint@@QAAXXZ",
"WSDamageRegionBlueprint::CreateEmitter",0x82459388,"?CreateEmitter@WSDamageRegionBlueprint@@QAAXPAVWSParticleAttatchObject@@ABVPblMatrix4x4@@@Z",
"WSDamageRegionBlueprint::CreateHumanEmitters",0x82459270,"?CreateHumanEmitters@WSDamageRegionBlueprint@@QAAXPAVWSHuman@@@Z",
"WSDamageRegionBlueprint::GetDamageRegionBlueprint",0x824597a0,"?GetDamageRegionBlueprint@WSDamageRegionBlueprint@@$4PPPPPPPM@A@AAPAV1@XZ",
"WSDamageRegionBlueprint::GetDamageRegionBlueprint",0x824597b0,"?GetDamageRegionBlueprint@WSDamageRegionBlueprint@@UAAPAV1@XZ",
"WSDamageRegionBlueprint::GetDamageRegionBlueprint",0x8245b830,"?GetDamageRegionBlueprint@WSDamageRegionBlueprint@@$4PPPPPPPM@7AAPAV1@XZ",
"WSDamageRegionBlueprint::Init",0x82459048,"?Init@WSDamageRegionBlueprint@@UAAXPBD@Z",
"WSDamageRegionBlueprint::Init",0x82459740,"?Init@WSDamageRegionBlueprint@@$4PPPPPPPM@A@AAXPBD@Z",
"WSDamageRegionBlueprint::Init",0x8245b7e0,"?Init@WSDamageRegionBlueprint@@$4PPPPPPPM@7AAXPBD@Z",
"WSDamageRegionBlueprint::SetProperty",0x824590e0,"?SetProperty@WSDamageRegionBlueprint@@UAA_NVPblCRC@@AAVPblPropertySet@@@Z",
"WSDamageRegionBlueprint::SetProperty",0x82459770,"?SetProperty@WSDamageRegionBlueprint@@$4PPPPPPPM@A@AA_NVPblCRC@@AAVPblPropertySet@@@Z",
"WSDamageSphere",0x82459da0,"??2WSDamageSphere@@SAPAXIPAX@Z",
"WSDamageSphere",0x82459e40,"??3WSDamageSphere@@SAXPAX@Z",
"WSDamageSphere::CollectAndHurtVictims",0x82459f70,"?CollectAndHurtVictims@WSDamageSphere@@EAAXM@Z",
"WSDamageSphere::DebugRender",0x8245a1d8,"?DebugRender@WSDamageSphere@@EAAXXZ",
"WSDamageSphere::Init",0x82459e70,"?Init@WSDamageSphere@@QAAXPAVWSDamageSphereBlueprint@@AAVWSEntityDesc@@@Z",
"WSDamageSphere::Update",0x82459eb8,"?Update@WSDamageSphere@@UAAXM@Z",
"WSDamageSphereBlueprint",0x8245a6a0,"??_DWSDamageSphereBlueprint@@QAAXXZ",
"WSDamageSphereBlueprint::Build",0x8245a5d0,"?Build@WSDamageSphereBlueprint@@EAAPAVWSEntity@@AAVWSEntityDesc@@@Z",
"WSDamageSphereBlueprint::BuildDamageSphere",0x8245a578,"?BuildDamageSphere@WSDamageSphereBlueprint@@EAAPAVWSDamageSphere@@AAVWSEntityDesc@@@Z",
"WSDamageSphereBlueprint::E?ms_DamageSphereAllocator",0x83348be8,"??__E?ms_DamageSphereAllocator@WSDamageSphereBlueprint@@0V?$WSLocalAllocator@VWSDamageSphere@@$0IA@@@A@@YAXXZ",
"WSDamageSphereBlueprint::F?ms_DamageSphereAllocator",0x8338dd40,"??__F?ms_DamageSphereAllocator@WSDamageSphereBlueprint@@0V?$WSLocalAllocator@VWSDamageSphere@@$0IA@@@A@@YAXXZ",
"WSDamageSphereBlueprint::GetDamageSphereBlueprint",0x8245b860,"?GetDamageSphereBlueprint@WSDamageSphereBlueprint@@$4PPPPPPPM@A@AAPAV1@XZ",
"WSDamageSphereBlueprint::GetDamageSphereBlueprint",0x8245b870,"?GetDamageSphereBlueprint@WSDamageSphereBlueprint@@UAAPAV1@XZ",
"WSDamageSphereBlueprint::IsReadyToBuild",0x8245a538,"?IsReadyToBuild@WSDamageSphereBlueprint@@EAA_NXZ",
"WSDamageSphereBlueprint::IsReadyToBuild",0x8245b800,"?IsReadyToBuild@WSDamageSphereBlueprint@@$0PPPPPPPM@A@AA_NXZ",
"WSDamageSphereBlueprint::SetProperty",0x8245a468,"?SetProperty@WSDamageSphereBlueprint@@UAA_NVPblCRC@@AAVPblPropertySet@@@Z",
"WSDamageSphereBlueprint::SetProperty",0x8245b820,"?SetProperty@WSDamageSphereBlueprint@@$4PPPPPPPM@A@AA_NVPblCRC@@AAVPblPropertySet@@@Z",
"WSDamageable::AddDamagableChild",0x82672340,"?AddDamagableChild@WSDamageable@@IAAXPAV1@@Z",
"WSDamageable::AncestorDamaged",0x826724c0,"?AncestorDamaged@WSDamageable@@MAAXPAV1@@Z",
"WSDamageable::AncestorDied",0x82672500,"?AncestorDied@WSDamageable@@MAAXPAV1@@Z",
"WSDamageable::ApplyDamage",0x82671ef0,"?ApplyDamage@WSDamageable@@UAAXABVWSDamageDesc@@@Z",
"WSDamageable::Die",0x826720a0,"?Die@WSDamageable@@UAAXXZ",
"WSDamageable::FindDamageable",0x825028c8,"?FindDamageable@WSDamageable@@UAAPAV1@PAVWSSkeletonBone@@@Z",
"WSDamageable::GetDamageable",0x82433818,"?GetDamageable@WSDamageable@@$4PPPPPPPM@BFI@AAPAV1@XZ",
"WSDamageable::GetDamageable",0x82433828,"?GetDamageable@WSDamageable@@UAAPAV1@XZ",
"WSDamageable::GetDamageable",0x82433bb8,"?GetDamageable@WSDamageable@@$4PPPPPPPM@CPI@AAPAV1@XZ",
"WSDamageable::GetDamageable",0x824a2db0,"?GetDamageable@WSDamageable@@$4PPPPPPPM@BHE@AAPAV1@XZ",
"WSDamageable::GetDamageable",0x824a3258,"?GetDamageable@WSDamageable@@$4PPPPPPPM@BGM@AAPAV1@XZ",
"WSDamageable::GetDamageable",0x82507430,"?GetDamageable@WSDamageable@@$4PPPPPPPM@JLA@AAPAV1@XZ",
"WSDamageable::GetDamageable",0x825c56f8,"?GetDamageable@WSDamageable@@$4PPPPPPPM@BDBA@AAPAV1@XZ",
"WSDamageable::GetDamageable",0x825c73d8,"?GetDamageable@WSDamageable@@$4PPPPPPPM@CCE@AAPAV1@XZ",
"WSDamageable::GetDamageable",0x825dc538,"?GetDamageable@WSDamageable@@$4PPPPPPPM@CBE@AAPAV1@XZ",
"WSDamageable::GetDamageable",0x825e6a90,"?GetDamageable@WSDamageable@@$4PPPPPPPM@HM@AAPAV1@XZ",
"WSDamageable::GetDamageable",0x8262d7b8,"?GetDamageable@WSDamageable@@$4PPPPPPPM@NEE@AAPAV1@XZ",
"WSDamageable::GetDamageable",0x8262f830,"?GetDamageable@WSDamageable@@$4PPPPPPPM@NHE@AAPAV1@XZ",
"WSDamageable::GetDamageable",0x82630b18,"?GetDamageable@WSDamageable@@$4PPPPPPPM@BLM@AAPAV1@XZ",
"WSDamageable::GetDamageable",0x82632f80,"?GetDamageable@WSDamageable@@$4PPPPPPPM@FJM@AAPAV1@XZ",
"WSDamageable::GetDamageable",0x82635450,"?GetDamageable@WSDamageable@@$4PPPPPPPM@FOM@AAPAV1@XZ",
"WSDamageable::GetDamageable",0x82676be8,"?GetDamageable@WSDamageable@@$4PPPPPPPM@A@AAPAV1@XZ",
"WSDamageable::GetDamageable",0x82676bf8,"?GetDamageable@WSDamageable@@$4PPPPPPPM@CA@AAPAV1@XZ",
"WSDamageable::GetDamageable",0x82676c98,"?GetDamageable@WSDamageable@@$4PPPPPPPM@HE@AAPAV1@XZ",
"WSDamageable::GetDamageable",0x826a8ea0,"?GetDamageable@WSDamageable@@$4PPPPPPPM@IM@AAPAV1@XZ",
"WSDamageable::GetDamageable",0x826d83e0,"?GetDamageable@WSDamageable@@$4PPPPPPPM@KE@AAPAV1@XZ",
"WSDamageable::GetDamageable",0x828a1488,"?GetDamageable@WSDamageable@@$4PPPPPPPM@BJA@AAPAV1@XZ",
"WSDamageable::GetDamageableBlueprint",0x824595d0,"?GetDamageableBlueprint@WSDamageable@@QAAPAVWSDamageableBlueprint@@XZ",
"WSDamageable::GetDamageablePart",0x82432be0,"?GetDamageablePart@WSDamageable@@UAAPAVWSDamageablePart@@XZ",
"WSDamageable::GetHealth",0x82432c20,"?GetHealth@WSDamageable@@UAAMXZ",
"WSDamageable::IsDamageableAlive",0x82432bf0,"?IsDamageableAlive@WSDamageable@@UAA_NXZ",
"WSDamageable::RemoveDamagableChild",0x82672388,"?RemoveDamagableChild@WSDamageable@@IAAXPAV1@@Z",
"WSDamageable::SafeCastTo",0x82433a68,"?SafeCastTo@WSDamageable@@$4PPPPPPPM@BFI@AA_NAAPAV1@@Z",
"WSDamageable::SafeCastTo",0x82433a78,"?SafeCastTo@WSDamageable@@UAA_NAAPAV1@@Z",
"WSDamageable::SafeCastTo",0x82433d50,"?SafeCastTo@WSDamageable@@$4PPPPPPPM@CPI@AA_NAAPAV1@@Z",
"WSDamageable::SafeCastTo",0x824a2e10,"?SafeCastTo@WSDamageable@@$4PPPPPPPM@BGM@AA_NAAPAV1@@Z",
"WSDamageable::SafeCastTo",0x824a2f80,"?SafeCastTo@WSDamageable@@$4PPPPPPPM@BHE@AA_NAAPAV1@@Z",
"WSDamageable::SafeCastTo",0x825076f0,"?SafeCastTo@WSDamageable@@$4PPPPPPPM@JLA@AA_NAAPAV1@@Z",
"WSDamageable::SafeCastTo",0x825c5818,"?SafeCastTo@WSDamageable@@$4PPPPPPPM@BDBA@AA_NAAPAV1@@Z",
"WSDamageable::SafeCastTo",0x825c7598,"?SafeCastTo@WSDamageable@@$4PPPPPPPM@CCE@AA_NAAPAV1@@Z",
"WSDamageable::SafeCastTo",0x825dc318,"?SafeCastTo@WSDamageable@@$4PPPPPPPM@CBE@AA_NAAPAV1@@Z",
"WSDamageable::SafeCastTo",0x825e6ba0,"?SafeCastTo@WSDamageable@@$4PPPPPPPM@HM@AA_NAAPAV1@@Z",
"WSDamageable::SafeCastTo",0x8262d998,"?SafeCastTo@WSDamageable@@$4PPPPPPPM@NEE@AA_NAAPAV1@@Z",
"WSDamageable::SafeCastTo",0x8262f3f8,"?SafeCastTo@WSDamageable@@$4PPPPPPPM@NHE@AA_NAAPAV1@@Z",
"WSDamageable::SafeCastTo",0x82630b90,"?SafeCastTo@WSDamageable@@$4PPPPPPPM@BLM@AA_NAAPAV1@@Z",
"WSDamageable::SafeCastTo",0x826330d8,"?SafeCastTo@WSDamageable@@$4PPPPPPPM@FJM@AA_NAAPAV1@@Z",
"WSDamageable::SafeCastTo",0x826355a0,"?SafeCastTo@WSDamageable@@$4PPPPPPPM@FOM@AA_NAAPAV1@@Z",
"WSDamageable::SafeCastTo",0x82676bd8,"?SafeCastTo@WSDamageable@@$4PPPPPPPM@HE@AA_NAAPAV1@@Z",
"WSDamageable::SafeCastTo",0x82676c38,"?SafeCastTo@WSDamageable@@$4PPPPPPPM@A@AA_NAAPAV1@@Z",
"WSDamageable::SafeCastTo",0x82676c48,"?SafeCastTo@WSDamageable@@$4PPPPPPPM@CA@AA_NAAPAV1@@Z",
"WSDamageable::SafeCastTo",0x826a8f98,"?SafeCastTo@WSDamageable@@$4PPPPPPPM@IM@AA_NAAPAV1@@Z",
"WSDamageable::SafeCastTo",0x826d8160,"?SafeCastTo@WSDamageable@@$4PPPPPPPM@KE@AA_NAAPAV1@@Z",
"WSDamageable::SafeCastTo",0x828a15e0,"?SafeCastTo@WSDamageable@@$4PPPPPPPM@BJA@AA_NAAPAV1@@Z",
"WSDamageable::SetDamagableParent",0x826749f0,"?SetDamagableParent@WSDamageable@@IAAXPAV1@@Z",
"WSDamageable::SetDamageableProperty",0x82671e80,"?SetDamageableProperty@WSDamageable@@UAA_NVPblCRC@@AAVPblPropertySet@@@Z",
"WSDamageable::SetHealth",0x82432c08,"?SetHealth@WSDamageable@@UAAXM@Z",
"WSDamageable::SetInvincibleToAI",0x827b5c88,"?SetInvincibleToAI@WSDamageable@@QAAX_N@Z",
"WSDamageable::SetupDamagableNode",0x82672108,"?SetupDamagableNode@WSDamageable@@IAA_NXZ",
"WSDamageable::SubshapeMovedCallback",0x825028b0,"?SubshapeMovedCallback@WSDamageable@@UAAXPAVWSShapeController@@HABVPblVector3@@1@Z",
"WSDamageable::TellChildrenAncestorDamaged",0x826723d0,"?TellChildrenAncestorDamaged@WSDamageable@@MAAXPAV1@@Z",
"WSDamageable::TellChildrenAncestorDied",0x82672448,"?TellChildrenAncestorDied@WSDamageable@@MAAXPAV1@@Z",
"WSDamageableBlueprint::AcceptsDamageOfThisType",0x826706e0,"?AcceptsDamageOfThisType@WSDamageableBlueprint@@QAA_NPBVWSDamageDesc@@@Z",
"WSDamageableBlueprint::GetDamageableBlueprint",0x82433968,"?GetDamageableBlueprint@WSDamageableBlueprint@@$R4BMM@7PPPPPPPM@EE@AAPAV1@XZ",
"WSDamageableBlueprint::GetDamageableBlueprint",0x82433988,"?GetDamageableBlueprint@WSDamageableBlueprint@@UAAPAV1@XZ",
"WSDamageableBlueprint::GetDamageableBlueprint",0x824a3238,"?GetDamageableBlueprint@WSDamageableBlueprint@@$R4BCI@7PPPPPPPM@EE@AAPAV1@XZ",
"WSDamageableBlueprint::GetDamageableBlueprint",0x825074b8,"?GetDamageableBlueprint@WSDamageableBlueprint@@$4PPPPPPPM@BGA@AAPAV1@XZ",
"WSDamageableBlueprint::GetDamageableBlueprint",0x825c56c8,"?GetDamageableBlueprint@WSDamageableBlueprint@@$4PPPPPPPM@BKI@AAPAV1@XZ",
"WSDamageableBlueprint::GetDamageableBlueprint",0x825c7678,"?GetDamageableBlueprint@WSDamageableBlueprint@@$R4FAE@7PPPPPPPM@EE@AAPAV1@XZ",
"WSDamageableBlueprint::GetDamageableBlueprint",0x825e6b30,"?GetDamageableBlueprint@WSDamageableBlueprint@@$R4HE@7PPPPPPPM@EE@AAPAV1@XZ",
"WSDamageableBlueprint::GetDamageableBlueprint",0x8262d898,"?GetDamageableBlueprint@WSDamageableBlueprint@@$R4JDM@7PPPPPPPM@EE@AAPAV1@XZ",
"WSDamageableBlueprint::GetDamageableBlueprint",0x8262f538,"?GetDamageableBlueprint@WSDamageableBlueprint@@$R4JFM@7PPPPPPPM@EE@AAPAV1@XZ",
"WSDamageableBlueprint::GetDamageableBlueprint",0x82633088,"?GetDamageableBlueprint@WSDamageableBlueprint@@$R4COI@7PPPPPPPM@EE@AAPAV1@XZ",
"WSDamageableBlueprint::GetDamageableBlueprint",0x82635238,"?GetDamageableBlueprint@WSDamageableBlueprint@@$R4ECM@7PPPPPPPM@EE@AAPAV1@XZ",
"WSDamageableBlueprint::GetDamageableBlueprint",0x82676c58,"?GetDamageableBlueprint@WSDamageableBlueprint@@$R4CA@7PPPPPPPM@EE@AAPAV1@XZ",
"WSDamageableBlueprint::GetDamageableBlueprint",0x82676c78,"?GetDamageableBlueprint@WSDamageableBlueprint@@$R4CE@7PPPPPPPM@EE@AAPAV1@XZ",
"WSDamageableBlueprint::GetDamageableBlueprint",0x82676ca8,"?GetDamageableBlueprint@WSDamageableBlueprint@@$4PPPPPPPM@A@AAPAV1@XZ",
"WSDamageableBlueprint::GetDamageableBlueprint",0x826d8380,"?GetDamageableBlueprint@WSDamageableBlueprint@@$R4DBM@7PPPPPPPM@EE@AAPAV1@XZ",
"WSDamageableBlueprint::SetDamageableProperty",0x82670f88,"?SetDamageableProperty@WSDamageableBlueprint@@UAA_NVPblCRC@@AAVPblPropertySet@@@Z",
"WSDamageableGroup::ActivateBone",0x82674770,"?ActivateBone@WSDamageableGroup@@AAAXPAVOdinMesh@@PAVPclBone@@_N@Z",
"WSDamageableGroup::ActivateGroup",0x82673f60,"?ActivateGroup@WSDamageableGroup@@QAAXPAVOdinMesh@@_N@Z",
"WSDamageableGroup::ActivatePart",0x82674210,"?ActivatePart@WSDamageableGroup@@AAAXPAVOdinMesh@@PAVWSDamageablePart@@_N@Z",
"WSDamageableGroup::IsBoneChildGroup",0x82673de0,"?IsBoneChildGroup@WSDamageableGroup@@QAA_NVPblCRC@@@Z",
"WSDamageableGroup::IsBoneInGroup",0x82673e60,"?IsBoneInGroup@WSDamageableGroup@@QAA_NVPblCRC@@@Z",
"WSDamageablePart::ApplyDamage",0x82673b28,"?ApplyDamage@WSDamageablePart@@UAAXABVWSDamageDesc@@@Z",
"WSDamageablePart::Die",0x82673aa0,"?Die@WSDamageablePart@@UAAXXZ",
"WSDamageablePart::FindDamageable",0x82673960,"?FindDamageable@WSDamageablePart@@UAAPAVWSDamageable@@PAVWSSkeletonBone@@@Z",
"WSDamageablePart::GetBlueprint",0x826737e8,"?GetBlueprint@WSDamageablePart@@UAAPAVWSBlueprint@@XZ",
"WSDamageablePart::GetDamageablePart",0x82674b90,"?GetDamageablePart@WSDamageablePart@@UAAPAV1@XZ",
"WSDamageablePart::GetDamageablePartBlueprint",0x82674a08,"?GetDamageablePartBlueprint@WSDamageablePart@@QAAPAVWSDamageablePartBlueprint@@XZ",
"WSDamageablePart::GetPartType",0x82674b60,"?GetPartType@WSDamageablePart@@UAAHXZ",
"WSDamageablePart::HasBone",0x82673838,"?HasBone@WSDamageablePart@@UAA_NVPblCRC@@@Z",
"WSDamageablePart::SubshapeMovedCallback",0x82674b48,"?SubshapeMovedCallback@WSDamageablePart@@UAAXPAVWSShapeController@@HABVPblVector3@@1@Z",
"WSDamageablePartBlueprint",0x826766c8,"??_DWSDamageablePartBlueprint@@QAAXXZ",
"WSDamageablePartBlueprint::GetDamageablePartBlueprint",0x82676c18,"?GetDamageablePartBlueprint@WSDamageablePartBlueprint@@$4PPPPPPPM@A@AAPAV1@XZ",
"WSDamageablePartBlueprint::GetDamageablePartBlueprint",0x82676c28,"?GetDamageablePartBlueprint@WSDamageablePartBlueprint@@UAAPAV1@XZ",
"WSDamageablePartBlueprint::SetDamageableProperty",0x82671748,"?SetDamageableProperty@WSDamageablePartBlueprint@@UAA_NVPblCRC@@AAVPblPropertySet@@@Z",
"WSDamageablePartBlueprint::SetDamageableProperty",0x82676c08,"?SetDamageableProperty@WSDamageablePartBlueprint@@$4PPPPPPPM@A@AA_NVPblCRC@@AAVPblPropertySet@@@Z",
"WSDamageableRoot::BreakRandomConstraint",0x82432c48,"?BreakRandomConstraint@WSDamageableRoot@@UAAXPAVWSDamageablePart@@@Z",
"WSDamageableRoot::Die",0x82673060,"?Die@WSDamageableRoot@@UAAXXZ",
"WSDamageableRoot::FindDamageable",0x82673148,"?FindDamageable@WSDamageableRoot@@UAAPAVWSDamageable@@PAVWSSkeletonBone@@@Z",
"WSDamageableRoot::IsDead",0x82673238,"?IsDead@WSDamageableRoot@@QAA_NXZ",
"WSDamageableRoot::PartDied",0x82673340,"?PartDied@WSDamageableRoot@@UAAXPAVWSDamageablePart@@@Z",
"WSDamageableRoot::SubshapeMovedCallback",0x82432c30,"?SubshapeMovedCallback@WSDamageableRoot@@UAAXPAVWSShapeController@@HABVPblVector3@@1@Z",
"WSDamageableRootBlueprint",0x82674968,"??_DWSDamageableRootBlueprint@@QAAXXZ",
"WSDamageableRootBlueprint::GetDamageablePartFromBone",0x82671588,"?GetDamageablePartFromBone@WSDamageableRootBlueprint@@QAAPAVWSDamageablePartBlueprint@@VPblCRC@@@Z",
"WSDamageableRootBlueprint::GetDamageableRootBlueprint",0x82433cb0,"?GetDamageableRootBlueprint@WSDamageableRootBlueprint@@$4PPPPPPPM@BJI@AAPAV1@XZ",
"WSDamageableRootBlueprint::GetDamageableRootBlueprint",0x82433cc0,"?GetDamageableRootBlueprint@WSDamageableRootBlueprint@@UAAPAV1@XZ",
"WSDamageableRootBlueprint::GetDamageableRootBlueprint",0x824a2e40,"?GetDamageableRootBlueprint@WSDamageableRootBlueprint@@$4PPPPPPPM@BAA@AAPAV1@XZ",
"WSDamageableRootBlueprint::GetDamageableRootBlueprint",0x825c7368,"?GetDamageableRootBlueprint@WSDamageableRootBlueprint@@$4PPPPPPPM@ENM@AAPAV1@XZ",
"WSDamageableRootBlueprint::GetDamageableRootBlueprint",0x825e6a68,"?GetDamageableRootBlueprint@WSDamageableRootBlueprint@@$4PPPPPPPM@A@AAPAV1@XZ",
"WSDamageableRootBlueprint::GetDamageableRootBlueprint",0x8262d6c8,"?GetDamageableRootBlueprint@WSDamageableRootBlueprint@@$4PPPPPPPM@JBE@AAPAV1@XZ",
"WSDamageableRootBlueprint::GetDamageableRootBlueprint",0x8262f498,"?GetDamageableRootBlueprint@WSDamageableRootBlueprint@@$4PPPPPPPM@JDE@AAPAV1@XZ",
"WSDamageableRootBlueprint::GetDamageableRootBlueprint",0x82633150,"?GetDamageableRootBlueprint@WSDamageableRootBlueprint@@$4PPPPPPPM@CMA@AAPAV1@XZ",
"WSDamageableRootBlueprint::GetDamageableRootBlueprint",0x826351f0,"?GetDamageableRootBlueprint@WSDamageableRootBlueprint@@$4PPPPPPPM@EAE@AAPAV1@XZ",
"WSDamageableRootBlueprint::GetDamageableRootBlueprint",0x826d8080,"?GetDamageableRootBlueprint@WSDamageableRootBlueprint@@$4PPPPPPPM@CKI@AAPAV1@XZ",
"WSDamageableRootBlueprint::GetNDamageGroups",0x824a1570,"?GetNDamageGroups@WSDamageableRootBlueprint@@QAAHXZ",
"WSDamageableRootBlueprint::SetDamageableProperty",0x82433b78,"?SetDamageableProperty@WSDamageableRootBlueprint@@$4PPPPPPPM@BKA@AA_NVPblCRC@@AAVPblPropertySet@@@Z",
"WSDamageableRootBlueprint::SetDamageableProperty",0x824a3190,"?SetDamageableProperty@WSDamageableRootBlueprint@@$4PPPPPPPM@BAA@AA_NVPblCRC@@AAVPblPropertySet@@@Z",
"WSDamageableRootBlueprint::SetDamageableProperty",0x825c76a8,"?SetDamageableProperty@WSDamageableRootBlueprint@@$4PPPPPPPM@ENM@AA_NVPblCRC@@AAVPblPropertySet@@@Z",
"WSDamageableRootBlueprint::SetDamageableProperty",0x825e68d8,"?SetDamageableProperty@WSDamageableRootBlueprint@@$4PPPPPPPM@A@AA_NVPblCRC@@AAVPblPropertySet@@@Z",
"WSDamageableRootBlueprint::SetDamageableProperty",0x8262da78,"?SetDamageableProperty@WSDamageableRootBlueprint@@$4PPPPPPPM@JBE@AA_NVPblCRC@@AAVPblPropertySet@@@Z",
"WSDamageableRootBlueprint::SetDamageableProperty",0x8262f758,"?SetDamageableProperty@WSDamageableRootBlueprint@@$4PPPPPPPM@JDE@AA_NVPblCRC@@AAVPblPropertySet@@@Z",
"WSDamageableRootBlueprint::SetDamageableProperty",0x82632ee0,"?SetDamageableProperty@WSDamageableRootBlueprint@@$4PPPPPPPM@CMA@AA_NVPblCRC@@AAVPblPropertySet@@@Z",
"WSDamageableRootBlueprint::SetDamageableProperty",0x826354a8,"?SetDamageableProperty@WSDamageableRootBlueprint@@$4PPPPPPPM@EAE@AA_NVPblCRC@@AAVPblPropertySet@@@Z",
"WSDamageableRootBlueprint::SetDamageableProperty",0x82671230,"?SetDamageableProperty@WSDamageableRootBlueprint@@UAA_NVPblCRC@@AAVPblPropertySet@@@Z",
"WSDamageableRootBlueprint::SetDamageableProperty",0x826d8240,"?SetDamageableProperty@WSDamageableRootBlueprint@@$4PPPPPPPM@CKI@AA_NVPblCRC@@AAVPblPropertySet@@@Z",
"WSDecal::Kill",0x8285ff58,"?Kill@WSDecal@@QAAXXZ",
"WSDestructable::AncestorKilled",0x8267a548,"?AncestorKilled@WSDestructable@@UAAXPAVWSDamageable@@@Z",
"WSDestructable::CreateDynamicPart",0x826797a8,"?CreateDynamicPart@WSDestructable@@QAAXPAVWSPhysicsObject@@M@Z",
"WSDestructable::DebugRender",0x82676f38,"?DebugRender@WSDestructable@@UAAXXZ",
"WSDestructable::DeferActivateBone",0x8267a670,"?DeferActivateBone@WSDestructable@@SAXPAVWSDamageableGroup@@PAVOdinMesh@@PAVPclBone@@_N@Z",
"WSDestructable::DeferCreateDynamicPart",0x826795a8,"?DeferCreateDynamicPart@WSDestructable@@SAXPAV1@PAVWSPhysicsObject@@M@Z",
"WSDestructable::DeferReInstance",0x8267a868,"?DeferReInstance@WSDestructable@@SAXV?$PblHandle@VOdinMesh@@@@@Z",
"WSDestructable::Die",0x8267a2b0,"?Die@WSDestructable@@UAAXXZ",
"WSDestructable::GetDestructable",0x82433b18,"?GetDestructable@WSDestructable@@$4PPPPPPPM@OE@AAPAV1@XZ",
"WSDestructable::GetDestructable",0x82433b28,"?GetDestructable@WSDestructable@@UAAPAV1@XZ",
"WSDestructable::GetDestructable",0x82433dd0,"?GetDestructable@WSDestructable@@$4PPPPPPPM@CIE@AAPAV1@XZ",
"WSDestructable::GetDestructable",0x824a3120,"?GetDestructable@WSDestructable@@$4PPPPPPPM@PI@AAPAV1@XZ",
"WSDestructable::GetDestructable",0x824a3268,"?GetDestructable@WSDestructable@@$4PPPPPPPM@BAA@AAPAV1@XZ",
"WSDestructable::GetDestructable",0x825c74b8,"?GetDestructable@WSDestructable@@$4PPPPPPPM@BLA@AAPAV1@XZ",
"WSDestructable::GetDestructable",0x825dc4c0,"?GetDestructable@WSDestructable@@$4PPPPPPPM@BKA@AAPAV1@XZ",
"WSDestructable::GetDestructable",0x825e69b8,"?GetDestructable@WSDestructable@@$4PPPPPPPM@7AAPAV1@XZ",
"WSDestructable::GetDestructable",0x8262d968,"?GetDestructable@WSDestructable@@$4PPPPPPPM@MNA@AAPAV1@XZ",
"WSDestructable::GetDestructable",0x8262f6f0,"?GetDestructable@WSDestructable@@$4PPPPPPPM@NAA@AAPAV1@XZ",
"WSDestructable::GetDestructable",0x82630bb0,"?GetDestructable@WSDestructable@@$4PPPPPPPM@BEI@AAPAV1@XZ",
"WSDestructable::GetDestructable",0x82632f50,"?GetDestructable@WSDestructable@@$4PPPPPPPM@FCI@AAPAV1@XZ",
"WSDestructable::GetDestructable",0x826353d8,"?GetDestructable@WSDestructable@@$4PPPPPPPM@FHI@AAPAV1@XZ",
"WSDestructable::GetDestructable",0x8267b798,"?GetDestructable@WSDestructable@@$4PPPPPPPM@A@AAPAV1@XZ",
"WSDestructable::GetDestructable",0x826a8ff0,"?GetDestructable@WSDestructable@@$4PPPPPPPM@BI@AAPAV1@XZ",
"WSDestructable::GetDestructable",0x826d81e0,"?GetDestructable@WSDestructable@@$4PPPPPPPM@DA@AAPAV1@XZ",
"WSDestructable::GetDestructable",0x828a1510,"?GetDestructable@WSDestructable@@$4PPPPPPPM@BBM@AAPAV1@XZ",
"WSDestructable::GetGroupDamageState",0x8267a590,"?GetGroupDamageState@WSDestructable@@QAAHVPblCRC@@@Z",
"WSDestructable::Kill",0x8267a340,"?Kill@WSDestructable@@QAAXXZ",
"WSDestructable::ModifyBone",0x82679310,"?ModifyBone@WSDestructable@@QAAXPAVWSModel@@PAVWSSkeletonBone@@PAVWSDamageableGroup@@@Z",
"WSDestructable::OnFinishedSettingUp",0x82677030,"?OnFinishedSettingUp@WSDestructable@@UAAXXZ",
"WSDestructable::ProcessDeadParts",0x82677c80,"?ProcessDeadParts@WSDestructable@@SAXXZ",
"WSDestructable::RearrangeControlledBones",0x826784c8,"?RearrangeControlledBones@WSDestructable@@QAAXXZ",
"WSDestructable::SafeCastTo",0x82433b88,"?SafeCastTo@WSDestructable@@$4PPPPPPPM@OE@AA_NAAPAV1@@Z",
"WSDestructable::SafeCastTo",0x82433b98,"?SafeCastTo@WSDestructable@@UAA_NAAPAV1@@Z",
"WSDestructable::SafeCastTo",0x82433e20,"?SafeCastTo@WSDestructable@@$4PPPPPPPM@CIE@AA_NAAPAV1@@Z",
"WSDestructable::SafeCastTo",0x824a31a0,"?SafeCastTo@WSDestructable@@$4PPPPPPPM@PI@AA_NAAPAV1@@Z",
"WSDestructable::SafeCastTo",0x824a32c0,"?SafeCastTo@WSDestructable@@$4PPPPPPPM@BAA@AA_NAAPAV1@@Z",
"WSDestructable::SafeCastTo",0x825c7500,"?SafeCastTo@WSDestructable@@$4PPPPPPPM@BLA@AA_NAAPAV1@@Z",
"WSDestructable::SafeCastTo",0x825dc4e0,"?SafeCastTo@WSDestructable@@$4PPPPPPPM@BKA@AA_NAAPAV1@@Z",
"WSDestructable::SafeCastTo",0x825e6a08,"?SafeCastTo@WSDestructable@@$4PPPPPPPM@7AA_NAAPAV1@@Z",
"WSDestructable::SafeCastTo",0x8262d9f8,"?SafeCastTo@WSDestructable@@$4PPPPPPPM@MNA@AA_NAAPAV1@@Z",
"WSDestructable::SafeCastTo",0x8262f7a0,"?SafeCastTo@WSDestructable@@$4PPPPPPPM@NAA@AA_NAAPAV1@@Z",
"WSDestructable::SafeCastTo",0x82630c00,"?SafeCastTo@WSDestructable@@$4PPPPPPPM@BEI@AA_NAAPAV1@@Z",
"WSDestructable::SafeCastTo",0x82632fd8,"?SafeCastTo@WSDestructable@@$4PPPPPPPM@FCI@AA_NAAPAV1@@Z",
"WSDestructable::SafeCastTo",0x82635460,"?SafeCastTo@WSDestructable@@$4PPPPPPPM@FHI@AA_NAAPAV1@@Z",
"WSDestructable::SafeCastTo",0x8267b7b8,"?SafeCastTo@WSDestructable@@$4PPPPPPPM@A@AA_NAAPAV1@@Z",
"WSDestructable::SafeCastTo",0x826a9030,"?SafeCastTo@WSDestructable@@$4PPPPPPPM@BI@AA_NAAPAV1@@Z",
"WSDestructable::SafeCastTo",0x826d8270,"?SafeCastTo@WSDestructable@@$4PPPPPPPM@DA@AA_NAAPAV1@@Z",
"WSDestructable::SafeCastTo",0x828a1588,"?SafeCastTo@WSDestructable@@$4PPPPPPPM@BBM@AA_NAAPAV1@@Z",
"WSDestructable::SetGroupDamageState",0x8267a0e8,"?SetGroupDamageState@WSDestructable@@UAA_NVPblCRC@@H@Z",
"WSDestructable::TellChildrenAncestorKilled",0x8267a448,"?TellChildrenAncestorKilled@WSDestructable@@UAAXPAVWSDamageable@@@Z",
"WSDestructable::UpdatePhysicsObjects",0x82678a50,"?UpdatePhysicsObjects@WSDestructable@@UAAXXZ",
"WSDestructable::UpdateSynched",0x8267a9f0,"?UpdateSynched@WSDestructable@@SAXXZ",
"WSDynamicPart",0x8267b368,"??_DWSDynamicPart@@QAAXXZ",
"WSDynamicPart::DeactivateEntity",0x8267b090,"?DeactivateEntity@WSDynamicPart@@UAAXXZ",
"WSDynamicPart::DeleteSynched",0x8267b0e0,"?DeleteSynched@WSDynamicPart@@UAAXXZ",
"WSDynamicPart::InitUNSynched",0x8267b138,"?InitUNSynched@WSDynamicPart@@UAAXXZ",
"WSDynamicPart::Update",0x8267af58,"?Update@WSDynamicPart@@UAAXM@Z",
"WSDynamicPart::UpdateMatrixCallback",0x8267b1b0,"?UpdateMatrixCallback@WSDynamicPart@@UAAXAAVPblMatrix4x4@@PAVWSPhysicsObject@@@Z",
"WSExplosion::AddVictim",0x824653e0,"?AddVictim@WSExplosion@@QAAXPAVWSPhysicsObject@@ABUWSForceDesc@@ABVWSDamageDesc@@M@Z",
"WSExplosion::CreateExplosion",0x824665e8,"?CreateExplosion@WSExplosion@@SAXMABVPblVector3@@MMVPblCRC@@1@Z",
"WSExplosion::CreateExplosionDeferred",0x82466510,"?CreateExplosionDeferred@WSExplosion@@SAXMABVPblVector3@@MMVPblCRC@@1H@Z",
"WSExplosion::E?ms_DeferredExplosionAllocator",0x833496e0,"??__E?ms_DeferredExplosionAllocator@WSExplosion@@0V?$WSLocalAllocator@UWSDeferredCreateExplosion@@$0CA@@@A@@YAXXZ",
"WSExplosion::E?ms_VictimAllocator",0x833496a8,"??__E?ms_VictimAllocator@WSExplosion@@0V?$WSLocalAllocator@UVictim@WSExplosion@@$0PP@@@A@@YAXXZ",
"WSExplosion::E?s_DeferredCreateExplosions",0x83349638,"??__E?s_DeferredCreateExplosions@WSExplosion@@1V?$PblListInv@UWSDeferredCreateExplosion@@@@A@@YAXXZ",
"WSExplosion::E?s_ExplosionList",0x83349670,"??__E?s_ExplosionList@WSExplosion@@1V?$PblListInv@VWSExplosion@@@@A@@YAXXZ",
"WSExplosion::F?ms_DeferredExplosionAllocator",0x8338e2a0,"??__F?ms_DeferredExplosionAllocator@WSExplosion@@0V?$WSLocalAllocator@UWSDeferredCreateExplosion@@$0CA@@@A@@YAXXZ",
"WSExplosion::F?ms_VictimAllocator",0x8338e278,"??__F?ms_VictimAllocator@WSExplosion@@0V?$WSLocalAllocator@UVictim@WSExplosion@@$0PP@@@A@@YAXXZ",
"WSExplosion::F?s_DeferredCreateExplosions",0x8338e228,"??__F?s_DeferredCreateExplosions@WSExplosion@@1V?$PblListInv@UWSDeferredCreateExplosion@@@@A@@YAXXZ",
"WSExplosion::F?s_ExplosionList",0x8338e250,"??__F?s_ExplosionList@WSExplosion@@1V?$PblListInv@VWSExplosion@@@@A@@YAXXZ",
"WSExplosion::Init",0x824650e0,"?Init@WSExplosion@@QAAXABVPblVector3@@@Z",
"WSExplosion::IsEmpty",0x824676b0,"?IsEmpty@WSExplosion@@QAA_NXZ",
"WSExplosion::IsVictimShieldedFromExplosion",0x82467318,"?IsVictimShieldedFromExplosion@WSExplosion@@AAA_NPAUVictim@1@@Z",
"WSExplosion::RemoveVictim",0x82467178,"?RemoveVictim@WSExplosion@@SAXPAVWSPhysicsObject@@@Z",
"WSExplosion::RemoveVictim",0x82467280,"?RemoveVictim@WSExplosion@@CAXAAV?$PblListInv@UVictim@WSExplosion@@@@PAUVictim@1@@Z",
"WSExplosion::UVictim::?$PblListInv::AddBefore",0x824693a8,"?AddBefore@?$PblListInv@UVictim@WSExplosion@@@@QAAXPAVNode@1@0PAUVictim@WSExplosion@@@Z",tmpl
"WSExplosion::UVictim::?$PblListInv::AddLast",0x82467c48,"?AddLast@?$PblListInv@UVictim@WSExplosion@@@@QAAXPAVNode@1@PAUVictim@WSExplosion@@@Z",tmpl
"WSExplosion::UVictim::?$PblListInv::GetFirst",0x824695b0,"?GetFirst@?$PblListInv@UVictim@WSExplosion@@@@QBAPAVNode@1@XZ",tmpl
"WSExplosion::UVictim::?$PblListInv::IsEmpty",0x82467a38,"?IsEmpty@?$PblListInv@UVictim@WSExplosion@@@@QBA_NXZ",tmpl
"WSExplosion::UVictim::?$PblListInv::Itor",0x82468e98,"??EItor@?$PblListInv@UVictim@WSExplosion@@@@QAAAAV01@XZ",tmpl
"WSExplosion::UVictim::?$PblListInv::Remove",0x82467a58,"?Remove@?$PblListInv@UVictim@WSExplosion@@@@QAAXPAVNode@1@@Z",tmpl
"WSExplosion::UVictim::?$PblListInv::RemoveAll",0x82467c00,"?RemoveAll@?$PblListInv@UVictim@WSExplosion@@@@QAAXXZ",tmpl
"WSExplosion::UVictim::?$PblListInv::operator cast",0x82468e60,"??BItor@?$PblListInv@UVictim@WSExplosion@@@@QBAPAUVictim@WSExplosion@@XZ",tmpl
"WSExplosion::UVictim::?$PblListInv::{ctor}",0x82468e28,"??0Itor@?$PblListInv@UVictim@WSExplosion@@@@QAA@ABV1@@Z",tmpl
"WSExplosion::UVictim::?$PblListInv::{ctor}",0x824695c0,"??0Node@?$PblListInv@UVictim@WSExplosion@@@@QAA@XZ",tmpl
"WSExplosion::UVictim::?$PblListInv::{dtor}",0x82469600,"??1Node@?$PblListInv@UVictim@WSExplosion@@@@QAA@XZ",tmpl
"WSExplosion::UVictim::?$WSLocalAllocator::Allocate",0x82467f60,"?Allocate@?$WSLocalAllocator@UVictim@WSExplosion@@$0PP@@@QAAPAUVictim@WSExplosion@@XZ",tmpl
"WSExplosion::UVictim::?$WSLocalAllocator::Deallocate",0x82468120,"?Deallocate@?$WSLocalAllocator@UVictim@WSExplosion@@$0PP@@@QAAXPAUVictim@WSExplosion@@@Z",tmpl
"WSExplosion::UVictim::?$WSLocalAllocator::InFreeList",0x824698d0,"?InFreeList@?$WSLocalAllocator@UVictim@WSExplosion@@$0PP@@@AAA_NE@Z",tmpl
"WSExplosion::UVictim::?$WSLocalAllocator::OutOfMemory",0x82469898,"?OutOfMemory@?$WSLocalAllocator@UVictim@WSExplosion@@$0PP@@@QAA_NXZ",tmpl
"WSExplosion::UVictim::{ctor}",0x82467910,"??0?$PblListInv@UVictim@WSExplosion@@@@QAA@XZ",tmpl
"WSExplosion::UVictim::{ctor}",0x8246a158,"??0?$WSLocalAllocator@UVictim@WSExplosion@@$0PP@@@QAA@XZ",tmpl
"WSExplosion::UVictim::{dtor}",0x82467980,"??1?$PblListInv@UVictim@WSExplosion@@@@QAA@XZ",tmpl
"WSExplosion::UVictim::{dtor}",0x8246a518,"??1?$WSLocalAllocator@UVictim@WSExplosion@@$0PP@@@QAA@XZ",tmpl
"WSExplosion::Update",0x82465b60,"?Update@WSExplosion@@UAAXM@Z",
"WSExplosion::UpdateDeferred",0x824663d0,"?UpdateDeferred@WSExplosion@@SAXXZ",
"WSExplosion::VictimShouldWait",0x824672c8,"?VictimShouldWait@WSExplosion@@AAA_NPAUVictim@1@@Z",
"WSExplosion::{ctor}",0x82468fd8,"??0Victim@WSExplosion@@QAA@XZ",
"WSExplosion::{dtor}",0x82469160,"??1Victim@WSExplosion@@QAA@XZ",
"WSExplosion::{scalar-dtor}",0x82469020,"??_GVictim@WSExplosion@@QAAPAXI@Z",
"WSExplosionBlueprint",0x8246afd0,"??_DWSExplosionBlueprint@@QAAXXZ",
"WSExplosionBlueprint::Build",0x8246aeb8,"?Build@WSExplosionBlueprint@@QAAXPAVWSParticleAttatchObject@@ABVPblVector3@@@Z",
"WSExplosionBlueprint::GetExplosionSound",0x8246ae38,"?GetExplosionSound@WSExplosionBlueprint@@QBA?AVPblCRC@@XZ",
"WSExplosionBlueprint::SetProperty",0x8246acd8,"?SetProperty@WSExplosionBlueprint@@UAA_NVPblCRC@@AAVPblPropertySet@@@Z",
"WSExplosionBlueprint::SetProperty",0x8246b378,"?SetProperty@WSExplosionBlueprint@@$4PPPPPPPM@A@AA_NVPblCRC@@AAVPblPropertySet@@@Z",
"WSGrenade::ApplyHitDamage",0x826ac050,"?ApplyHitDamage@WSGrenade@@UAAXPAVWSDamageDesc@@@Z",
"WSGrenade::Explode",0x826abed8,"?Explode@WSGrenade@@IAAXXZ",
"WSGunnerSeat::Die",0x825de1f0,"?Die@WSGunnerSeat@@UAAXXZ",
"WSHealthEffectFilter::ApplyDamage",0x8283b520,"?ApplyDamage@WSHealthEffectFilter@@QAAXPBVWSDamageDesc@@M@Z",
"WSHuman::ApplyDamage",0x824f0d00,"?ApplyDamage@WSHuman@@UAAXABVWSDamageDesc@@@Z",
"WSHuman::ApplyHitDamage",0x824f0618,"?ApplyHitDamage@WSHuman@@UAAXPAVWSDamageDesc@@@Z",
"WSHuman::Die",0x824f0f38,"?Die@WSHuman@@UAAXXZ",
"WSItem::ApplyHitDamage",0x826b2fc8,"?ApplyHitDamage@WSItem@@UAAXPAVWSDamageDesc@@@Z",
"WSModule::ApplyHitDamage",0x8248cd18,"?ApplyHitDamage@WSModule@@UAAXPAVWSDamageDesc@@@Z",
"WSPhysicsObject::ApplyHitDamage",0x829e9440,"?ApplyHitDamage@WSPhysicsObject@@QAAXPAVWSDamageDesc@@@Z",
"WSPlayer::ApplyDamage",0x825b3fa0,"?ApplyDamage@WSPlayer@@UAAXABVWSDamageDesc@@@Z",
"WSProp::ApplyDamage",0x8249bed8,"?ApplyDamage@WSProp@@UAAXABVWSDamageDesc@@@Z",
"WSProp::ApplyHitDamage",0x8249be90,"?ApplyHitDamage@WSProp@@UAAXPAVWSDamageDesc@@@Z",
"WSProp::Die",0x8249bf50,"?Die@WSProp@@UAAXXZ",
"WSSearchTurret::ApplyDamage",0x82632300,"?ApplyDamage@WSSearchTurret@@UAAXABVWSDamageDesc@@@Z",
"WSSearchTurret::ApplyHitDamage",0x826322a0,"?ApplyHitDamage@WSSearchTurret@@UAAXPAVWSDamageDesc@@@Z",
"WSSearchTurret::Die",0x82632340,"?Die@WSSearchTurret@@UAAXXZ",
"WSSearchTurret::Die",0x826332e8,"?Die@WSSearchTurret@@WBKI@AAXXZ",
"WSSearcherItem::ApplyDamage",0x825e5e98,"?ApplyDamage@WSSearcherItem@@UAAXABVWSDamageDesc@@@Z",
"WSSearcherItem::ApplyHitDamage",0x825e5e38,"?ApplyHitDamage@WSSearcherItem@@UAAXPAVWSDamageDesc@@@Z",
"WSSearcherItem::Die",0x825e5ed8,"?Die@WSSearcherItem@@UAAXXZ",
"WSSearcherSeat::Die",0x825e7dd8,"?Die@WSSearcherSeat@@UAAXXZ",
"WSSeat::Die",0x825ee2e0,"?Die@WSSeat@@UAAXXZ",
"WSTrainCarriage::ApplyDamage",0x82628d48,"?ApplyDamage@WSTrainCarriage@@UAAXABVWSDamageDesc@@@Z",
"WSTrainCarriage::ApplyHitDamage",0x82628db0,"?ApplyHitDamage@WSTrainCarriage@@UAAXPAVWSDamageDesc@@@Z",
"WSTrainCarriage::Die",0x82628e18,"?Die@WSTrainCarriage@@UAAXXZ",
"WSTrainCarriage::Die",0x8262d690,"?Die@WSTrainCarriage@@WEAA@AAXXZ",
"WSTrainItem::ApplyDamage",0x82630698,"?ApplyDamage@WSTrainItem@@UAAXABVWSDamageDesc@@@Z",
"WSTurret::ApplyDamage",0x826342e8,"?ApplyDamage@WSTurret@@UAAXABVWSDamageDesc@@@Z",
"WSTurret::ApplyHitDamage",0x82634288,"?ApplyHitDamage@WSTurret@@UAAXPAVWSDamageDesc@@@Z",
"WSTurret::Die",0x82634328,"?Die@WSTurret@@UAAXXZ",
"WSTurret::Die",0x82635488,"?Die@WSTurret@@WBMI@AAXXZ",
"WSVehicle::ApplyDamage",0x825d5538,"?ApplyDamage@WSVehicle@@UAAXABVWSDamageDesc@@@Z",
"WSVehicle::Die",0x825c7538,"?Die@WSVehicle@@WEAA@AAXXZ",
"WSVehicle::Die",0x825d56f0,"?Die@WSVehicle@@UAAXXZ",
"WSWeaponItem::ApplyDamage",0x826cf940,"?ApplyDamage@WSWeaponItem@@UAAXABVWSDamageDesc@@@Z",
"WSWeaponItem::ApplyHitDamage",0x826cf8c0,"?ApplyHitDamage@WSWeaponItem@@UAAXPAVWSDamageDesc@@@Z",
"WSWeaponItem::Die",0x826cfa28,"?Die@WSWeaponItem@@UAAXXZ",
